ST,TEMP,DO,EC,SAL,PH,POL,LOC
1,30.6,2.09,46.47,27.46,7.66,3,"5.461894,100.209128"
1,30.8,2.2,46.22,26.59,7.78,3,"5.461894,100.209128"
1,30.8,2.28,49.38,28.97,7.89,3,"5.461894,100.209128"
1,31,3.47,53.8,31.32,8.05,2,"5.461894,100.209128"
1,31,3.47,53.8,31.34,8.11,2,"5.461894,100.209128"
1,30.9,3.52,53.8,31.34,8.19,2,"5.461894,100.209128"
1,31,2.91,53.8,31.3,8.24,3,"5.461894,100.209128"
1,31,2.8,53.8,31.33,8.26,3,"5.461894,100.209128"
1,31,3.09,53.8,31.33,8.27,2,"5.461894,100.209128"
2,31.1,5.01,53.7,31.17,8.53,1,"5.466925,100.206189"
2,31.1,5.06,53.7,31.17,8.53,1,"5.466925,100.206189"
2,31.1,5.05,53.7,31.18,8.58,1,"5.466925,100.206189"
2,31,5.07,53.6,31.2,8.56,1,"5.466925,100.206189"
2,30.9,4.92,53.6,31.2,8.56,2,"5.466925,100.206189"
2,30.9,4.86,53.6,31.2,8.56,2,"5.466925,100.206189"
2,30.8,3.83,53.5,31.27,8.55,2,"5.466925,100.206189"
2,30.8,3.68,53.6,31.21,8.57,2,"5.466925,100.206189"
2,30.9,4.92,53.5,31.21,8.56,2,"5.466925,100.206189"
2,30.6,2.73,53.3,31.31,8.54,3,"5.466925,100.206189"
2,30.5,2.22,53.3,31.3,8.52,3,"5.466925,100.206189"
2,30.5,2.18,53.3,31.31,8.52,3,"5.466925,100.206189"
3,31.1,4.21,53.5,31.29,8.09,2,"5.482422,100.197283"
3,31.3,4.68,53.5,31.42,8.25,2,"5.482422,100.197283"
3,31.3,3.65,54.3,31.41,8.33,2,"5.482422,100.197283"
3,31.3,3.65,54,31.39,8.51,2,"5.482422,100.197283"
3,31,3.51,54,31.41,8.55,2,"5.482422,100.197283"
3,30.9,3.46,53.9,31.42,8.58,2,"5.482422,100.197283"
3,30.9,2.81,53.7,31.49,8.64,3,"5.482422,100.197283"
3,30.6,2.82,53.7,31.49,8.65,3,"5.482422,100.197283"
3,30.6,2.85,53.7,31.48,8.65,3,"5.482422,100.197283"
3,30.6,2.51,53.7,31.41,8.62,3,"5.482422,100.197283"
3,30.6,2.17,53.7,31.46,8.62,3,"5.482422,100.197283"
3,30.6,2.13,53.7,31.44,8.62,3,"5.482422,100.197283"
4,30.8,3.56,53.8,31.44,8.23,2,"5.491008,100.195036"
4,30.8,3.54,53.8,31.44,8.23,2,"5.491008,100.195036"
4,30.8,3.51,53.8,31.44,8.31,2,"5.491008,100.195036"
4,30.7,3.37,53.7,31.45,8.36,2,"5.491008,100.195036"
4,30.7,3.22,53.7,31.45,8.37,2,"5.491008,100.195036"
4,30.7,3.31,53.7,31.45,8.39,2,"5.491008,100.195036"
4,30.7,3.33,53.7,31.46,8.42,2,"5.491008,100.195036"
4,30.6,3.33,53.7,31.45,8.42,2,"5.491008,100.195036"
4,30.6,3.34,53.7,31.46,8.43,2,"5.491008,100.195036"
4,30.6,3.35,53.6,31.45,8.45,2,"5.491008,100.195036"
4,30.6,3.2,53.6,31.44,8.46,2,"5.491008,100.195036"
4,30.6,3.22,53.6,31.45,8.46,2,"5.491008,100.195036"
4,30.6,3.24,53.6,31.44,8.47,2,"5.491008,100.195036"
4,30.6,3.2,53.6,31.45,8.48,2,"5.491008,100.195036"
4,30.6,3.15,53.6,31.44,8.48,2,"5.491008,100.195036"
4,30.6,3.12,53.6,31.47,8.48,2,"5.491008,100.195036"
4,30.6,3.02,53.7,31.47,8.49,2,"5.491008,100.195036"
4,30.6,3.02,53.7,31.46,8.5,2,"5.491008,100.195036"
4,30.6,3.04,53.7,31.47,8.49,2,"5.491008,100.195036"
4,30.6,2.97,53.6,31.47,8.5,3,"5.491008,100.195036"
4,30.6,2.97,53.6,31.47,8.48,3,"5.491008,100.195036"
4,30.6,3,53.7,31.5,8.5,2,"5.491008,100.195036"
4,30.6,2.87,53.7,31.49,8.49,3,"5.491008,100.195036"
4,30.6,2.87,53.7,31.49,8.49,3,"5.491008,100.195036"
4,30.6,2.84,53.8,31.57,8.49,3,"5.491008,100.195036"
4,30.5,2.62,53.8,31.58,8.48,3,"5.491008,100.195036"
4,30.5,2.67,53.8,31.57,8.5,3,"5.491008,100.195036"
5,30.7,3.94,53.7,31.41,8.22,2,"5.506722,100.194008"
5,30.7,3.93,53.7,31.41,8.26,2,"5.506722,100.194008"
5,30.7,3.94,53.7,31.41,8.29,2,"5.506722,100.194008"
5,30.7,3.88,53.7,31.4,8.39,2,"5.506722,100.194008"
5,30.7,3.82,53.7,31.41,8.36,2,"5.506722,100.194008"
5,30.7,3.87,53.7,31.38,8.4,2,"5.506722,100.194008"
5,30.6,3.84,53.6,31.36,8.45,2,"5.506722,100.194008"
5,30.6,3.72,53.6,31.41,8.45,2,"5.506722,100.194008"
5,30.6,3.85,53.6,31.4,8.47,2,"5.506722,100.194008"
5,30.6,3.9,53.6,31.41,8.48,2,"5.506722,100.194008"
5,30.6,3.84,53.6,31.44,8.49,2,"5.506722,100.194008"
5,30.6,3.8,53.6,31.42,8.5,2,"5.506722,100.194008"
5,30.6,3.87,53.6,31.42,8.51,2,"5.506722,100.194008"
5,30.6,3.71,53.6,31.43,8.51,2,"5.506722,100.194008"
5,30.6,3.72,53.7,31.43,8.51,2,"5.506722,100.194008"
5,30.6,3.58,53.7,31.47,8.52,2,"5.506722,100.194008"
5,30.6,3.51,53.7,31.46,8.51,2,"5.506722,100.194008"
5,30.6,3.54,53.7,31.47,8.52,2,"5.506722,100.194008"
5,30.5,3.34,53.7,31.56,8.53,2,"5.506722,100.194008"
5,30.5,3.25,53.8,31.56,8.53,2,"5.506722,100.194008"
5,30.5,3.21,53.7,31.56,8.53,2,"5.506722,100.194008"
5,30.4,3.27,53.8,31.41,8.53,2,"5.506722,100.194008"
5,30.4,3.31,53.7,31.61,8.53,2,"5.506722,100.194008"
5,30.4,3.33,53.8,31.62,8.53,2,"5.506722,100.194008"
5,30.4,3.3,53.7,31.62,8.53,2,"5.506722,100.194008"
5,30.4,3.27,53.7,31.63,8.54,2,"5.506722,100.194008"
5,30.4,3.22,53.8,31.64,8.53,2,"5.506722,100.194008"
5,30.4,3.22,53.8,31.63,8.54,2,"5.506722,100.194008"
5,30.4,3.21,53.7,31.63,8.54,2,"5.506722,100.194008"
5,30.4,3.17,53.8,31.64,8.55,2,"5.506722,100.194008"
6,30.6,4.7,53.5,31.34,8.26,2,"5.511678,100.188361"
6,30.5,4.65,53.4,31.35,8.32,2,"5.511678,100.188361"
6,30.6,4.62,53.5,31.4,8.28,2,"5.511678,100.188361"
6,30.6,4.55,53.5,31.34,8.42,2,"5.511678,100.188361"
6,30.6,4.54,53.5,31.35,8.42,2,"5.511678,100.188361"
6,30.6,4.55,53.5,31.36,8.43,2,"5.511678,100.188361"
6,30.5,4.55,53.5,31.42,8.6,2,"5.511678,100.188361"
6,30.4,4.53,53.5,31.49,8.61,2,"5.511678,100.188361"
6,30.5,4.54,53.5,31.44,8.61,2,"5.511678,100.188361"
6,30.5,4.58,53.5,31.38,8.62,2,"5.511678,100.188361"
6,30.5,4.45,53.5,31.37,8.61,2,"5.511678,100.188361"
6,30.6,4.43,53.5,31.38,8.64,2,"5.511678,100.188361"
6,30.6,4.45,53.6,31.38,8.62,2,"5.511678,100.188361"
6,30.6,4.48,53.5,31.37,8.63,2,"5.511678,100.188361"
6,30.6,4.45,53.5,31.37,8.64,2,"5.511678,100.188361"
6,30.6,4.27,53.5,31.39,8.67,2,"5.511678,100.188361"
6,30.6,4.21,53.5,31.39,8.66,2,"5.511678,100.188361"
6,30.6,4.2,53.5,31.38,8.67,2,"5.511678,100.188361"
6,30.6,3.88,53.6,31.45,8.69,2,"5.511678,100.188361"
6,30.6,4.03,53.6,31.44,8.7,2,"5.511678,100.188361"
6,30.6,4.03,53.6,31.43,8.71,2,"5.511678,100.188361"
6,30.6,3.88,53.7,31.48,8.69,2,"5.511678,100.188361"
6,30.6,3.78,53.7,31.48,8.69,2,"5.511678,100.188361"
6,30.6,3.83,53.7,31.48,8.7,2,"5.511678,100.188361"
6,30.6,3.33,53.7,31.6,8.69,2,"5.511678,100.188361"
6,30.5,3.22,53.8,31.56,8.7,2,"5.511678,100.188361"
6,30.6,3.48,53.7,31.48,8.74,2,"5.511678,100.188361"
6,30.5,3.48,53.8,31.61,8.77,2,"5.511678,100.188361"
6,30.5,3.48,53.8,31.61,8.77,2,"5.511678,100.188361"
6,30.5,3.48,53.8,31.58,8.75,2,"5.511678,100.188361"
1,30.2,5.94,48.39,27.87,8.28,1,"5.461894,100.209128"
1,30.2,5.91,49.44,28.36,8.26,1,"5.461894,100.209128"
1,30.3,5.75,49.37,28.87,8.25,1,"5.461894,100.209128"
1,30.3,5.43,50.9,29.85,8.22,1,"5.461894,100.209128"
1,30.3,5.5,50.9,29.81,8.2,1,"5.461894,100.209128"
1,30.3,3.43,51,29.85,8.16,2,"5.461894,100.209128"
1,30.3,3.27,51.2,30.09,8.08,2,"5.461894,100.209128"
1,30.3,3.31,51.3,30.09,8.08,2,"5.461894,100.209128"
1,30.3,4.37,51.3,30.1,8.06,2,"5.461894,100.209128"
2,30.2,5.13,51.1,30.02,8.36,1,"5.466925,100.206189"
2,30.1,5.17,51.1,30.03,8.36,1,"5.466925,100.206189"
2,30.1,5.13,51,29.98,8.36,1,"5.466925,100.206189"
2,30.2,5.08,51.2,30.06,8.33,1,"5.466925,100.206189"
2,30.2,5.04,51.2,30.09,8.33,1,"5.466925,100.206189"
2,30.2,5.09,51.2,30.1,8.34,1,"5.466925,100.206189"
2,30.2,5.02,51.2,30.1,8.33,1,"5.466925,100.206189"
2,30.2,5.01,51.3,30.09,8.31,1,"5.466925,100.206189"
2,30.2,5.01,51.2,30.11,8.3,1,"5.466925,100.206189"
2,30.2,5.02,51.3,30.16,8.26,1,"5.466925,100.206189"
2,30.2,5.06,51.3,30.16,8.24,1,"5.466925,100.206189"
2,30.2,4.99,51.3,30.15,8.21,2,"5.466925,100.206189"
2,30.5,3.53,52.2,30.61,8.08,2,"5.466925,100.206189"
2,30.5,3.56,52.3,30.62,8.09,2,"5.466925,100.206189"
2,30.4,3.9,52.1,30.59,8.07,2,"5.466925,100.206189"
3,30.1,4.33,51.2,30.2,8.22,2,"5.482422,100.197283"
3,30.3,4.16,51.3,30.04,8.22,2,"5.482422,100.197283"
3,30.4,4.15,51.8,30.37,8.2,2,"5.482422,100.197283"
3,30.4,3.93,52.1,30.55,8.18,2,"5.482422,100.197283"
3,30.4,3.94,52.1,30.55,8.17,2,"5.482422,100.197283"
3,30.5,3.81,52.1,30.55,8.16,2,"5.482422,100.197283"
3,30.5,3.34,52.6,30.79,8.12,2,"5.482422,100.197283"
3,30.5,3.38,52.6,30.78,8.11,2,"5.482422,100.197283"
3,30.5,3.48,52.6,30.81,8.09,2,"5.482422,100.197283"
3,30.6,2.26,52.9,30.95,7.94,3,"5.482422,100.197283"
3,30.6,2.39,52.9,30.97,7.9,3,"5.482422,100.197283"
3,30.5,2.47,52.9,30.95,7.85,3,"5.482422,100.197283"
4,30.2,5.16,51.5,30.34,8.43,1,"5.491008,100.195036"
4,30.1,6.01,51.6,30.34,8.43,1,"5.491008,100.195036"
4,30.2,5.99,51.5,30.33,8.42,1,"5.491008,100.195036"
4,30.2,5.96,51.5,30.34,8.39,1,"5.491008,100.195036"
4,30.2,6.01,51.6,30.34,8.4,1,"5.491008,100.195036"
4,30.2,6.13,51.2,30.31,8.37,1,"5.491008,100.195036"
4,30.2,5.99,51.5,30.33,8.35,1,"5.491008,100.195036"
4,30.2,5.98,51.6,30.37,8.35,1,"5.491008,100.195036"
4,30.2,5.92,51.6,30.3,8.35,1,"5.491008,100.195036"
4,30.2,5.94,51.6,30.37,8.31,1,"5.491008,100.195036"
4,30.2,5.96,51.6,30.36,8.31,1,"5.491008,100.195036"
4,30.2,6.02,51.6,30.35,8.29,1,"5.491008,100.195036"
4,30.2,5.98,51.7,30.42,8.27,1,"5.491008,100.195036"
4,30.2,5.69,51.7,30.4,8.27,1,"5.491008,100.195036"
4,30.2,6.12,51.7,30.42,8.32,1,"5.491008,100.195036"
4,30.2,6.03,51.6,30.35,8.22,1,"5.491008,100.195036"
4,30.2,6.05,51.8,30.43,8.19,1,"5.491008,100.195036"
4,30.2,6.24,51.6,30.37,8.12,1,"5.491008,100.195036"
5,30.2,6.2,51.6,30.33,8.5,1,"5.506722,100.194008"
5,30.2,6.16,51.6,30.33,8.5,1,"5.506722,100.194008"
5,30.2,6.39,51.6,30.34,8.51,1,"5.506722,100.194008"
5,30.2,6.19,51.6,30.36,8.5,1,"5.506722,100.194008"
5,30.2,6.2,51.6,30.35,8.5,1,"5.506722,100.194008"
5,30.2,6.31,51.6,30.35,8.51,1,"5.506722,100.194008"
5,30.2,6.27,51.6,30.34,8.55,1,"5.506722,100.194008"
5,30.2,6.26,51.6,30.34,8.55,1,"5.506722,100.194008"
5,30.2,6.11,51.6,30.33,8.55,1,"5.506722,100.194008"
5,30.2,6.32,51.6,30.33,8.5,1,"5.506722,100.194008"
5,30.2,6.41,51.6,30.32,8.5,1,"5.506722,100.194008"
5,30.2,6.87,51.6,30.32,8.5,1,"5.506722,100.194008"
5,30.2,6.24,51.7,30.4,8.51,1,"5.506722,100.194008"
5,30.2,6.32,51.7,30.37,8.49,1,"5.506722,100.194008"
5,30.4,6.3,51.7,30.35,8.49,1,"5.506722,100.194008"
5,30.5,6.02,52.1,30.53,8.48,1,"5.506722,100.194008"
5,30.5,5.83,52.5,30.71,8.47,1,"5.506722,100.194008"
5,30.6,5.82,52.5,30.96,8.47,1,"5.506722,100.194008"
5,30.6,5.85,52.6,30.78,8.44,1,"5.506722,100.194008"
5,30.6,5.86,52.6,30.75,8.45,1,"5.506722,100.194008"
5,30.5,5.88,52.6,30.76,8.45,1,"5.506722,100.194008"
5,30.6,5.9,52.6,30.77,8.46,1,"5.506722,100.194008"
5,30.6,5.79,52.6,30.81,8.4,1,"5.506722,100.194008"
5,30.6,5.87,52.7,30.79,8.39,1,"5.506722,100.194008"
5,30.7,5.95,52.9,30.93,8.38,1,"5.506722,100.194008"
5,30.7,5.23,53.2,30.98,8.38,1,"5.506722,100.194008"
5,30.6,4.17,53.4,31.26,8.35,2,"5.506722,100.194008"
5,30.6,4.01,53.2,31.05,8.26,2,"5.506722,100.194008"
5,30.6,3.69,53.7,31.47,8.15,2,"5.506722,100.194008"
5,30.6,3.73,53.7,31.47,8.11,2,"5.506722,100.194008"
6,30.2,6.52,51.5,30.31,8.61,1,"5.511678,100.188361"
6,30.2,6.03,51.6,30.32,8.61,1,"5.511678,100.188361"
6,30.2,6.01,51.6,30.31,8.61,1,"5.511678,100.188361"
6,30.2,6.67,51.6,30.32,8.6,1,"5.511678,100.188361"
6,30.2,6.12,51.6,30.31,8.6,1,"5.511678,100.188361"
6,30.2,6.11,51.6,30.33,8.61,1,"5.511678,100.188361"
6,30.2,6.41,51.6,30.32,8.58,1,"5.511678,100.188361"
6,30.2,6.11,51.6,30.32,8.59,1,"5.511678,100.188361"
6,30.2,6.14,51.6,30.32,8.59,1,"5.511678,100.188361"
6,30.2,6.14,51.6,30.33,8.57,1,"5.511678,100.188361"
6,30.2,6.17,51.4,30.33,8.57,1,"5.511678,100.188361"
6,30.3,6.18,51.6,30.34,8.58,1,"5.511678,100.188361"
6,30.4,5.95,52.1,30.52,8.56,1,"5.511678,100.188361"
6,30.4,5.92,52.1,30.57,8.55,1,"5.511678,100.188361"
6,30.6,5.63,52.2,30.6,8.54,1,"5.511678,100.188361"
6,30.7,5.42,53,30.98,8.51,1,"5.511678,100.188361"
6,30.7,5.45,53,30.98,8.52,1,"5.511678,100.188361"
6,30.7,5.47,53,30.98,8.53,1,"5.511678,100.188361"
6,30.7,5.46,53.1,31,8.56,1,"5.511678,100.188361"
6,30.7,5.44,53.1,31,8.55,1,"5.511678,100.188361"
6,30.7,5.34,52.9,30.99,8.53,1,"5.511678,100.188361"
6,30.7,5.28,53.2,31.04,8.52,1,"5.511678,100.188361"
6,30.7,5.39,53.1,31.04,8.52,1,"5.511678,100.188361"
6,30.7,5.45,53.1,31.03,8.52,1,"5.511678,100.188361"
6,30.7,5.31,53.1,31.04,8.5,1,"5.511678,100.188361"
6,30.7,5.33,53.2,31.05,8.46,1,"5.511678,100.188361"
6,30.7,5.23,53.2,31.04,8.44,1,"5.511678,100.188361"
6,30.7,5.23,53.1,31.05,8.43,1,"5.511678,100.188361"
6,30.7,5.15,53.2,31.05,8.42,1,"5.511678,100.188361"
6,30.7,5.13,53.2,31.05,8.4,1,"5.511678,100.188361"
1,29.6,3.84,25,12.2,8.42,2,"5.461894,100.209128"
1,29.3,4.04,26.86,14.71,8.36,2,"5.461894,100.209128"
1,29.3,4.05,24.24,13.76,8.34,2,"5.461894,100.209128"
1,30.5,2.78,51.3,29.91,8.16,3,"5.461894,100.209128"
1,30.7,2.42,51.4,29.96,8.21,3,"5.461894,100.209128"
1,30.7,2.24,51.5,29.97,8.24,3,"5.461894,100.209128"
2,30,5.52,48.67,28.5,8.4,1,"5.466925,100.206189"
2,30,5.55,48.6,28.48,8.41,1,"5.466925,100.206189"
2,30,5.57,48.59,28.47,8.43,1,"5.466925,100.206189"
2,30,5.72,49.81,29.57,8.46,1,"5.466925,100.206189"
2,29.9,5.98,50.2,29.58,8.49,1,"5.466925,100.206189"
2,29.8,6.01,50.3,29.81,8.53,1,"5.466925,100.206189"
2,29.3,6.02,50.5,30.03,8.55,1,"5.466925,100.206189"
2,29.7,5.73,50.5,30.22,8.57,1,"5.466925,100.206189"
2,29.8,5.7,50.9,30.11,8.62,1,"5.466925,100.206189"
2,29.6,5.02,51.1,30.12,8.66,1,"5.466925,100.206189"
2,29.7,6,50.6,30.05,8.68,1,"5.466925,100.206189"
2,29.7,6.17,50.5,29.97,8.72,1,"5.466925,100.206189"
2,30.1,5.06,51.5,30.4,8.68,1,"5.466925,100.206189"
2,29.9,5.63,50.7,30.12,8.72,1,"5.466925,100.206189"
2,30.1,5.29,50.9,30.22,8.72,1,"5.466925,100.206189"
3,30.1,6.21,50.8,29.9,8.46,1,"5.482422,100.197283"
3,30.1,6.18,50.8,29.3,8.52,1,"5.482422,100.197283"
3,30.1,6.24,50.8,29.91,8.54,1,"5.482422,100.197283"
3,30,6.37,50.8,29.97,8.6,1,"5.482422,100.197283"
3,29.9,6.31,50.7,29.98,8.62,1,"5.482422,100.197283"
3,29.9,6.33,50.8,29.95,8.59,1,"5.482422,100.197283"
3,30,6.27,50.8,30.08,8.61,1,"5.482422,100.197283"
3,29.7,6.05,50.8,30.09,8.61,1,"5.482422,100.197283"
3,29.7,5.97,50.8,30.09,8.62,1,"5.482422,100.197283"
3,29.8,5.2,50.9,30.04,8.61,1,"5.482422,100.197283"
3,29.8,4.9,50.9,30.11,8.58,2,"5.482422,100.197283"
3,29.9,4.88,50.9,30.14,8.56,2,"5.482422,100.197283"
4,29.8,6.3,50.2,29.72,8.71,1,"5.491008,100.195036"
4,29.8,6.21,50,29.7,8.34,1,"5.491008,100.195036"
4,29.8,6.3,50.3,29.72,8.38,1,"5.491008,100.195036"
4,29.7,6.35,50.2,29.69,8.41,1,"5.491008,100.195036"
4,29.7,6.35,50.2,29.7,8.43,1,"5.491008,100.195036"
4,29.7,6.36,50.2,29.71,8.47,1,"5.491008,100.195036"
4,29.7,6.44,50.1,29.7,8.59,1,"5.491008,100.195036"
4,29.7,6.38,50.1,29.7,8.6,1,"5.491008,100.195036"
4,29.7,6.37,50.1,29.7,8.61,1,"5.491008,100.195036"
4,29.7,6.5,50.1,29.69,8.68,1,"5.491008,100.195036"
4,29.7,6.45,50.1,29.31,8.69,1,"5.491008,100.195036"
4,29.7,6.49,50,29.71,8.71,1,"5.491008,100.195036"
4,29.7,6.49,50.1,29.71,8.72,1,"5.491008,100.195036"
4,29.7,6.47,50.1,29.72,8.73,1,"5.491008,100.195036"
4,29.7,6.5,50.2,29.7,8.74,1,"5.491008,100.195036"
4,29.3,6.48,50.2,29.72,8.68,1,"5.491008,100.195036"
4,29.6,6.48,50.2,29.77,8.75,1,"5.491008,100.195036"
4,29.7,6.38,50.2,29.76,8.75,1,"5.491008,100.195036"
4,29.6,6.48,50.2,29.83,8.81,1,"5.491008,100.195036"
4,29.7,6.44,50.2,29.81,8.73,1,"5.491008,100.195036"
4,29.7,6.46,50.3,29.81,8.7,1,"5.491008,100.195036"
4,29.7,6.37,50.7,30.04,8.68,1,"5.491008,100.195036"
4,29.8,6.28,50.8,30.06,8.67,1,"5.491008,100.195036"
4,29.8,6.26,50.8,30.08,8.66,1,"5.491008,100.195036"
4,29.8,5.71,51.4,30.38,8.68,1,"5.491008,100.195036"
4,30,5.67,51.4,30.42,8.69,1,"5.491008,100.195036"
4,30,5.61,51.4,30.39,8.69,1,"5.491008,100.195036"
5,29.8,6.55,50.3,29.75,8.19,1,"5.506722,100.194008"
5,29.8,6.31,50.3,29.75,8.33,1,"5.506722,100.194008"
5,29.8,6.25,49.8,29.5,8.33,1,"5.506722,100.194008"
5,29.8,6.46,48.73,29.52,8.43,1,"5.506722,100.194008"
5,29.8,6.18,50.2,29.71,8.51,1,"5.506722,100.194008"
5,29.8,6.19,50.2,29.74,8.52,1,"5.506722,100.194008"
5,29.8,6.45,50.2,29.63,8.58,1,"5.506722,100.194008"
5,29.7,6.24,50.2,29.76,8.58,1,"5.506722,100.194008"
5,29.7,6.32,48.2,29.73,8.6,1,"5.506722,100.194008"
5,29.7,6.35,50.2,29.81,8.66,1,"5.506722,100.194008"
5,29.8,6.24,50.3,29.85,8.67,1,"5.506722,100.194008"
5,29.8,6.26,50.4,29.85,8.69,1,"5.506722,100.194008"
5,29.8,6.28,50.7,29.99,8.69,1,"5.506722,100.194008"
5,29.9,6.03,50.7,30.02,8.7,1,"5.506722,100.194008"
5,29.9,6.02,50.8,30.06,8.7,1,"5.506722,100.194008"
5,29.9,5.86,50.07,30.08,8.7,1,"5.506722,100.194008"
5,30,5.85,51.4,30.33,8.69,1,"5.506722,100.194008"
5,30,5.56,51.2,30.29,8.67,1,"5.506722,100.194008"
5,30,5.46,51.9,30.63,8.69,1,"5.506722,100.194008"
5,30.1,5.29,51.9,30.26,8.68,1,"5.506722,100.194008"
5,30.1,5.26,51.9,30.63,8.64,1,"5.506722,100.194008"
5,30.1,5.23,51.9,30.65,8.68,1,"5.506722,100.194008"
5,30.2,5.18,51.9,30.66,8.62,1,"5.506722,100.194008"
5,30,5.31,51,30.02,8.67,1,"5.506722,100.194008"
5,30,5.16,51.9,30.68,8.67,1,"5.506722,100.194008"
5,30,5.06,51.9,30.66,8.68,1,"5.506722,100.194008"
5,30,5.01,51.9,30.67,8.66,1,"5.506722,100.194008"
5,30,4.92,51.9,30.68,8.67,2,"5.506722,100.194008"
5,30,4.94,51.9,30.57,8.67,2,"5.506722,100.194008"
5,30,4.94,51.9,30.68,8.66,2,"5.506722,100.194008"
6,29.7,6.41,50.2,29.76,8.15,1,"5.511678,100.188361"
6,29.7,6.37,50.2,29.76,8.23,1,"5.511678,100.188361"
6,29.7,6.4,50.2,29.74,8.28,1,"5.511678,100.188361"
6,29.7,6.35,50.2,29.76,8.36,1,"5.511678,100.188361"
6,29.7,6.3,50.2,29.76,8.37,1,"5.511678,100.188361"
6,29.7,6.39,50.2,29.76,8.39,1,"5.511678,100.188361"
6,29.7,6.48,50.2,29.75,8.45,1,"5.511678,100.188361"
6,29.7,6.41,50.2,29.75,8.43,1,"5.511678,100.188361"
6,29.7,6.42,50.2,29.75,8.45,1,"5.511678,100.188361"
6,29.7,6.46,50.2,29.75,8.49,1,"5.511678,100.188361"
6,29.6,6.42,50.2,29.75,8.41,1,"5.511678,100.188361"
6,29.7,6.4,50.2,29.77,8.52,1,"5.511678,100.188361"
6,29.7,6.42,50.3,29.45,8.5,1,"5.511678,100.188361"
6,29.7,6.2,50.3,29.84,8.55,1,"5.511678,100.188361"
6,29.7,6.23,50.4,29.87,8.57,1,"5.511678,100.188361"
6,29.7,6.02,50.7,29.99,8.59,1,"5.511678,100.188361"
6,29.8,5.93,50.6,30.01,8.58,1,"5.511678,100.188361"
6,29.8,5.83,50.7,30.03,8.48,1,"5.511678,100.188361"
6,29.9,5.28,51.4,30.38,8.69,1,"5.511678,100.188361"
6,29.9,5.25,51.2,30.33,8.71,1,"5.511678,100.188361"
6,29.9,5.22,51.5,30.43,8.72,1,"5.511678,100.188361"
6,30,4.91,52,30.74,8.72,2,"5.511678,100.188361"
6,30,4.86,52,30.74,8.71,2,"5.511678,100.188361"
6,30,4.86,52,30.74,8.71,2,"5.511678,100.188361"
6,30,4.87,52,30.73,8.72,2,"5.511678,100.188361"
6,30,4.89,52,30.75,8.64,2,"5.511678,100.188361"
6,30,4.89,52,30.75,8.61,2,"5.511678,100.188361"
6,30.1,4.88,52,30.76,8.58,2,"5.511678,100.188361"
6,30,4.83,52,30.74,8.55,2,"5.511678,100.188361"
6,30,4.84,52,30.75,8.56,2,"5.511678,100.188361"
1,30,4.87,44.26,25.18,8.35,2,"5.461894,100.209128"
1,30,4.91,38.53,22.68,8.37,2,"5.461894,100.209128"
1,30,4.5,38.87,25.75,8.43,2,"5.461894,100.209128"
1,30,3.82,47.74,28.07,8.48,2,"5.461894,100.209128"
1,29.9,3.72,47.45,27.83,8.5,2,"5.461894,100.209128"
1,29.9,3.73,47.13,27.45,8.52,2,"5.461894,100.209128"
2,29.6,5.49,49.54,29.26,8.34,1,"5.466925,100.206189"
2,29.6,5.51,49.39,29.33,8.44,1,"5.466925,100.206189"
2,29.6,5.47,49.55,29.36,8.49,1,"5.466925,100.206189"
2,29.6,5.6,49.57,29.38,8.54,1,"5.466925,100.206189"
2,29.6,5.55,49.54,29.35,8.58,1,"5.466925,100.206189"
2,29.6,5.5,49.55,29.37,8.6,1,"5.466925,100.206189"
2,29.6,5.34,49.56,29.38,8.61,1,"5.466925,100.206189"
2,29.6,5.38,49.58,29.38,8.61,1,"5.466925,100.206189"
2,29.6,5.26,49.55,29.37,8.62,1,"5.466925,100.206189"
2,29.6,5.5,49.54,29.38,8.66,1,"5.466925,100.206189"
2,29.6,5.5,49.57,29.37,8.66,1,"5.466925,100.206189"
2,29.6,5.42,49.49,29.39,8.66,1,"5.466925,100.206189"
2,29.5,4.42,49,28.83,8.65,2,"5.466925,100.206189"
2,29.5,4.48,47,27.7,8.52,2,"5.466925,100.206189"
2,29.5,4.18,46.92,27.67,8.44,2,"5.466925,100.206189"
3,29.7,5.94,49.7,29.43,8.38,1,"5.482422,100.197283"
3,29.7,5.9,49.73,29.44,8.41,1,"5.482422,100.197283"
3,29.7,5.85,49.73,29.44,8.45,1,"5.482422,100.197283"
3,29.6,6.03,49.68,29.44,8.54,1,"5.482422,100.197283"
3,29.6,6.01,49.67,29.44,8.58,1,"5.482422,100.197283"
3,29.6,6,49.68,29.45,8.59,1,"5.482422,100.197283"
3,29.6,5.52,49.55,29.42,8.58,1,"5.482422,100.197283"
3,29.5,5.67,49.52,20.42,8.64,1,"5.482422,100.197283"
3,29.5,5.61,49.51,29.41,8.65,1,"5.482422,100.197283"
3,29.5,4.28,49.15,29.15,8.64,2,"5.482422,100.197283"
3,29.5,4.38,49.19,28.9,8.64,2,"5.482422,100.197283"
3,29.5,4.39,48.83,29.27,8.64,2,"5.482422,100.197283"
4,29.2,6.26,48.97,29.21,8.2,1,"5.491008,100.195036"
4,29.3,6.26,49.07,29.24,8.38,1,"5.491008,100.195036"
4,29.3,6.23,49.08,29.24,8.39,1,"5.491008,100.195036"
4,29.3,6.36,49.08,29.25,8.48,1,"5.491008,100.195036"
4,29.3,6.39,49.09,29.25,8.53,1,"5.491008,100.195036"
4,29.3,6.38,49.1,29.25,8.56,1,"5.491008,100.195036"
4,29.3,6.49,49.1,29.25,8.62,1,"5.491008,100.195036"
4,29.3,6.44,49.1,29.25,8.64,1,"5.491008,100.195036"
4,29.3,6.41,49.1,29.25,8.66,1,"5.491008,100.195036"
4,29.3,6.46,49.09,29.25,8.7,1,"5.491008,100.195036"
4,29.3,6.44,49.08,29.24,8.73,1,"5.491008,100.195036"
4,29.3,6.46,49.08,29.24,8.74,1,"5.491008,100.195036"
4,29.3,6.46,49.08,29.25,8.68,1,"5.491008,100.195036"
4,29.3,6.46,49.08,29.25,8.7,1,"5.491008,100.195036"
4,29.3,6.44,49.09,29.24,8.7,1,"5.491008,100.195036"
4,29.3,6.52,49.08,29.25,8.79,1,"5.491008,100.195036"
4,29.3,6.44,49.08,29.24,8.81,1,"5.491008,100.195036"
4,29.3,6.47,49.07,29.25,8.79,1,"5.491008,100.195036"
4,29.3,6.42,49.06,29.26,8.73,1,"5.491008,100.195036"
4,29.2,6.35,49.09,29.31,8.74,1,"5.491008,100.195036"
4,29.2,6.27,49.1,29.32,8.73,1,"5.491008,100.195036"
4,29.1,6.2,49.13,29.36,8.74,1,"5.491008,100.195036"
4,29.1,6.23,49.11,29.35,8.73,1,"5.491008,100.195036"
4,29.1,6.23,49.12,29.35,8.73,1,"5.491008,100.195036"
4,29.1,6.2,49.16,29.39,8.73,1,"5.491008,100.195036"
4,29.1,6.23,49.16,29.4,8.73,1,"5.491008,100.195036"
4,29.1,6.23,49.17,29.4,8.73,1,"5.491008,100.195036"
5,29.2,6.28,48.8,29.12,8.32,1,"5.506722,100.194008"
5,29.2,6.34,48.8,29.12,8.39,1,"5.506722,100.194008"
5,29.2,6.29,48.81,29.13,8.48,1,"5.506722,100.194008"
5,29.2,6.42,48.81,29.12,8.57,1,"5.506722,100.194008"
5,29.2,6.43,48.83,29.13,8.69,1,"5.506722,100.194008"
5,29.2,6.43,48.83,29.13,8.72,1,"5.506722,100.194008"
5,29.2,6.53,48.86,29.17,8.76,1,"5.506722,100.194008"
5,29.2,6.45,48.9,29.16,8.76,1,"5.506722,100.194008"
5,29.2,6.51,48.86,29.15,8.73,1,"5.506722,100.194008"
5,29.2,6.52,48.94,29.17,8.77,1,"5.506722,100.194008"
5,29.2,6.45,48.97,29.24,8.75,1,"5.506722,100.194008"
5,29.3,6.17,49.25,29.35,8.75,1,"5.506722,100.194008"
5,29.3,6.13,49.25,29.35,8.73,1,"5.506722,100.194008"
5,29.3,6.09,49.26,29.35,8.71,1,"5.506722,100.194008"
5,29.3,6.11,49.26,29.35,8.74,1,"5.506722,100.194008"
5,29.3,6.12,49.25,29.35,8.72,1,"5.506722,100.194008"
5,29.3,6.06,49.26,29.35,8.71,1,"5.506722,100.194008"
5,29.3,6.07,49.25,29.36,8.7,1,"5.506722,100.194008"
5,29.3,6.1,49.26,29.36,8.76,1,"5.506722,100.194008"
5,29.3,6.05,49.26,29.36,8.77,1,"5.506722,100.194008"
5,29.3,6.03,49.26,29.36,8.77,1,"5.506722,100.194008"
5,29.3,6.07,49.26,29.36,8.78,1,"5.506722,100.194008"
5,29.2,6.01,49.26,29.36,8.66,1,"5.506722,100.194008"
5,29.3,6.04,49.26,29.37,8.67,1,"5.506722,100.194008"
5,29.3,6.03,49.25,29.36,8.63,1,"5.506722,100.194008"
5,29.3,6.03,49.25,29.36,8.64,1,"5.506722,100.194008"
5,29.3,6.05,49.25,29.36,8.65,1,"5.506722,100.194008"
5,29.3,6.02,49.24,29.36,8.71,1,"5.506722,100.194008"
5,29.3,6.05,49.24,29.36,8.71,1,"5.506722,100.194008"
5,29.3,6.05,49.24,29.36,8.74,1,"5.506722,100.194008"
5,29.3,5.99,48.74,29.03,8.55,1,"5.506722,100.194008"
5,29.3,6.05,48.75,29,8.51,1,"5.506722,100.194008"
5,29.3,6.09,48.77,29.01,8.64,1,"5.506722,100.194008"
5,29.2,6.2,48.76,29.03,8.63,1,"5.506722,100.194008"
5,29.3,6.17,48.82,29.06,8.76,1,"5.506722,100.194008"
5,29.3,6.21,48.8,29.06,8.81,1,"5.506722,100.194008"
5,29,6.02,48.84,29.08,8.84,1,"5.506722,100.194008"
5,29.3,5.99,48.84,29.08,8.85,1,"5.506722,100.194008"
5,29.3,6,48.83,29.08,8.84,1,"5.506722,100.194008"
5,29.3,6.24,48.83,29.08,8.83,1,"5.506722,100.194008"
5,29.3,6.17,48.85,29.1,8.84,1,"5.506722,100.194008"
5,29.3,6.1,48.85,29.1,8.85,1,"5.506722,100.194008"
5,29.3,6.26,48.85,29.1,8.83,1,"5.506722,100.194008"
5,29.3,6.22,48.85,29.09,8.81,1,"5.506722,100.194008"
5,29.3,6.21,48.85,29.1,8.82,1,"5.506722,100.194008"
5,29.3,6.27,48.85,29.1,8.84,1,"5.506722,100.194008"
5,29.3,6.23,48.85,29.1,8.82,1,"5.506722,100.194008"
5,29.3,6.22,48.86,29.1,8.83,1,"5.506722,100.194008"
5,29.3,6.3,48.86,29.1,8.9,1,"5.506722,100.194008"
5,29.3,6.18,48.86,29.1,8.83,1,"5.506722,100.194008"
5,29.3,6.17,48.87,29.11,8.83,1,"5.506722,100.194008"
5,29.3,6.12,48.88,29.12,8.83,1,"5.506722,100.194008"
5,29.3,6.13,48.88,29.11,8.82,1,"5.506722,100.194008"
5,29.3,6.11,48.89,29.12,8.83,1,"5.506722,100.194008"
5,29.3,6.12,48.92,29.13,8.81,1,"5.506722,100.194008"
5,29.3,6.11,48.9,29,8.81,1,"5.506722,100.194008"
5,29.3,6.12,48.89,29.12,8.79,1,"5.506722,100.194008"
5,29.2,6.13,48.92,29.14,8.84,1,"5.506722,100.194008"
5,29.3,6.08,48.92,29.14,8.83,1,"5.506722,100.194008"
5,29.3,6.11,48.91,29.13,8.84,1,"5.506722,100.194008"
1,30.6,6.02,42.61,24.22,9.19,1,"5.461894,100.209128"
1,30.8,5.63,42.35,24.1,9.26,1,"5.461894,100.209128"
1,30.7,5.57,42.2,24,9.29,1,"5.461894,100.209128"
1,28.8,5.24,49.63,29.94,9.68,1,"5.461894,100.209128"
1,28.9,5.07,49.6,29.93,9.72,1,"5.461894,100.209128"
1,28.9,5.05,49.52,29.87,9.72,1,"5.461894,100.209128"
2,29.3,5.49,50.5,30.21,9.61,1,"5.466925,100.206189"
2,29.1,5.37,50.4,30.24,9.67,1,"5.466925,100.206189"
2,29.2,5.25,50.3,30.22,9.75,1,"5.466925,100.206189"
2,28.9,5.24,49.83,30.18,9.87,1,"5.466925,100.206189"
2,28.4,4.63,49.75,30.22,9.91,2,"5.466925,100.206189"
2,28.4,4.71,49.78,30.28,9.92,2,"5.466925,100.206189"
2,28.6,4.83,49.75,30.22,9.94,2,"5.466925,100.206189"
2,28.4,4.72,49.76,30.15,9.96,2,"5.466925,100.206189"
2,28.6,4.71,49.76,30.22,9.96,2,"5.466925,100.206189"
2,28.4,4.41,49.71,30.27,9.97,2,"5.466925,100.206189"
2,28.4,4.31,49.71,30.25,9.94,2,"5.466925,100.206189"
2,28.4,4.29,49.72,30.24,9.94,2,"5.466925,100.206189"
2,28.5,4.48,49.71,30.23,9.93,2,"5.466925,100.206189"
2,28.4,4.35,49.72,30.18,9.98,2,"5.466925,100.206189"
2,28.3,4.55,49.74,30.21,9.94,2,"5.466925,100.206189"
3,29.5,5.59,50.8,30.15,9.3,1,"5.482422,100.197283"
3,29.6,5.62,50.8,30.16,9.38,1,"5.482422,100.197283"
3,29.7,5.51,50.8,30.22,9.44,1,"5.482422,100.197283"
3,29.2,5.47,49.87,30.14,9.64,1,"5.482422,100.197283"
3,28.6,5.33,49.81,30.19,9.73,1,"5.482422,100.197283"
3,28.5,5.31,49.84,30.25,9.79,1,"5.482422,100.197283"
3,28.5,5.23,49.77,30.25,9.88,1,"5.482422,100.197283"
3,28.5,4.35,49.76,30.19,9.92,2,"5.482422,100.197283"
3,28.4,4.1,40.78,30.27,9.97,2,"5.482422,100.197283"
4,29,5.55,50.2,30.12,9.12,1,"5.491008,100.195036"
4,29.1,5.56,50.2,30.15,9.16,1,"5.491008,100.195036"
4,29.1,5.58,50.2,30.04,9.22,1,"5.491008,100.195036"
4,29.1,5.69,49.84,30.02,9.35,1,"5.491008,100.195036"
4,28.6,5.66,49.76,30.1,9.41,1,"5.491008,100.195036"
4,28.6,5.68,49.75,30.11,9.45,1,"5.491008,100.195036"
4,28.6,5.62,49.73,30.1,9.55,1,"5.491008,100.195036"
4,28.4,5.48,49.63,30.19,9.59,1,"5.491008,100.195036"
4,28.3,5.37,49.64,30.13,9.65,1,"5.491008,100.195036"
4,28.4,5.54,49.66,30.24,9.78,1,"5.491008,100.195036"
4,28.4,5.3,49.66,30.09,9.84,1,"5.491008,100.195036"
4,28.4,5.44,49.66,30.24,9.89,1,"5.491008,100.195036"
4,28.4,5.25,49.75,30.27,9.94,1,"5.491008,100.195036"
4,28.4,5.16,49.77,30.24,9.97,1,"5.491008,100.195036"
4,28.4,5.18,49.75,30.25,10,1,"5.491008,100.195036"
4,28.3,5.11,49.79,30.27,10.08,1,"5.491008,100.195036"
4,28.3,5.13,49.79,30.28,10.1,1,"5.491008,100.195036"
4,28.3,5.19,49.79,30.24,10.13,1,"5.491008,100.195036"
4,28.3,5.11,49.79,30.3,10.17,1,"5.491008,100.195036"
4,28.4,5.1,49.8,30.26,10.18,1,"5.491008,100.195036"
4,28.3,5.03,49.8,30.24,10.2,1,"5.491008,100.195036"
4,28.4,5.03,49.8,30.3,10.22,1,"5.491008,100.195036"
4,28.5,5.16,49.8,30.33,10.24,1,"5.491008,100.195036"
4,28.5,5,49.8,30.34,10.23,1,"5.491008,100.195036"
5,27.2,6.49,50.03,30.32,9.13,1,"5.506722,100.194008"
5,29.1,5.08,50.4,30.29,9.21,1,"5.506722,100.194008"
5,28.9,5.04,50.4,30.37,9.25,1,"5.506722,100.194008"
5,29.1,5.06,50.3,30.3,9.35,1,"5.506722,100.194008"
5,28.8,4.94,50.3,30.3,9.37,2,"5.506722,100.194008"
5,28.8,5.1,50.3,30.27,9.39,1,"5.506722,100.194008"
5,28.7,5.09,50.2,30.33,9.44,1,"5.506722,100.194008"
5,28.7,5.11,50.2,30.28,9.45,1,"5.506722,100.194008"
5,28.6,5.08,50.2,30.33,9.46,1,"5.506722,100.194008"
5,28.6,5,50.1,30.37,9.49,1,"5.506722,100.194008"
5,28.7,4.89,50.1,30.3,9.48,2,"5.506722,100.194008"
5,28.7,4.88,50.1,30.29,9.49,2,"5.506722,100.194008"
5,28.8,4.98,50.1,30.36,9.57,2,"5.506722,100.194008"
5,28.7,4.85,50.1,30.35,9.51,2,"5.506722,100.194008"
5,28.6,4.81,50.1,30.25,9.52,2,"5.506722,100.194008"
5,28.7,4.86,50.1,30.37,9.52,2,"5.506722,100.194008"
5,28.6,4.78,50.1,30.25,9.62,2,"5.506722,100.194008"
5,28.6,4.86,50.1,30.36,9.52,2,"5.506722,100.194008"
5,28.6,4.88,50.2,30.35,9.55,2,"5.506722,100.194008"
5,28.6,4.77,50.2,30.36,9.53,2,"5.506722,100.194008"
5,28.8,4.77,50.2,30.37,9.55,2,"5.506722,100.194008"
5,28.6,4.74,50.3,30.42,9.55,2,"5.506722,100.194008"
5,28.7,4.53,50.3,30.42,9.56,2,"5.506722,100.194008"
5,28.6,4.49,50.4,30.5,9.55,2,"5.506722,100.194008"
5,28.7,4.37,50.4,30.55,9.52,2,"5.506722,100.194008"
5,28.7,4.35,50.4,30.47,9.54,2,"5.506722,100.194008"
5,28.8,4.37,50.4,30.48,9.55,2,"5.506722,100.194008"
5,28.6,4.33,50.4,30.47,9.45,2,"5.506722,100.194008"
5,28.6,4.27,50.4,30.54,9.66,2,"5.506722,100.194008"
5,28.7,4.32,50.5,30.38,9.58,2,"5.506722,100.194008"
6,28.8,5.76,49.59,29.93,9.28,1,"5.511678,100.188361"
6,28.7,5.66,49.61,29.82,9.27,1,"5.511678,100.188361"
6,28.7,5.73,49.61,30,9.27,1,"5.511678,100.188361"
6,28.5,5.8,49.62,29.7,9.29,1,"5.511678,100.188361"
6,28.7,5.78,49.64,29.9,9.3,1,"5.511678,100.188361"
6,28.6,5.75,49.63,29.99,9.3,1,"5.511678,100.188361"
6,28.7,5.77,49.63,30.01,9.35,1,"5.511678,100.188361"
6,28.7,5.73,49.63,29.99,9.34,1,"5.511678,100.188361"
6,28.8,5.93,49.63,30.02,9.33,1,"5.511678,100.188361"
6,28.6,5.82,49.62,30.01,9.39,1,"5.511678,100.188361"
6,28.7,5.83,49.62,30,9.37,1,"5.511678,100.188361"
6,28.6,6.01,49.62,29.99,9.37,1,"5.511678,100.188361"
6,28.7,5.85,49.67,30,9.37,1,"5.511678,100.188361"
6,28.6,5.89,49.66,30.04,9.38,1,"5.511678,100.188361"
6,28.6,5.76,49.68,30,9.39,1,"5.511678,100.188361"
6,28.8,5.69,49.8,30.12,9.48,1,"5.511678,100.188361"
6,28.8,5.49,49.81,30.14,9.45,1,"5.511678,100.188361"
6,28.6,5.4,49.83,30.16,9.45,1,"5.511678,100.188361"
6,28.7,5.39,49.94,30.23,9.48,1,"5.511678,100.188361"
6,28.7,5.39,49.91,30.09,9.45,1,"5.511678,100.188361"
6,28.6,5.36,49.92,30.22,9.44,1,"5.511678,100.188361"
6,28.6,4.77,50.2,30.38,9.43,2,"5.511678,100.188361"
6,28.7,4.71,50.2,30.25,9.4,2,"5.511678,100.188361"
6,28.7,4.72,50.2,30.38,9.43,2,"5.511678,100.188361"
6,28.7,4.47,50.34,30.43,9.37,2,"5.511678,100.188361"
6,28.7,4.43,50.3,30.33,9.38,2,"5.511678,100.188361"
6,28.7,4.44,50.3,46.21,9.63,2,"5.511678,100.188361"
6,28.8,4.39,50.4,30.39,9.4,2,"5.511678,100.188361"
6,28.7,4.47,50.4,30.54,9.39,2,"5.511678,100.188361"
6,28.6,4.5,50.4,30.43,9.7,2,"5.511678,100.188361"
1,29.4,6.99,50.9,30.4,8.77,1,"5.461894,100.209128"
1,29.4,7.12,50.9,30.38,8.83,1,"5.461894,100.209128"
1,29.4,7.03,50.9,30.37,8.86,1,"5.461894,100.209128"
1,29.3,5.44,50.8,30.37,8.89,1,"5.461894,100.209128"
1,29.3,4.39,50,29.82,8.91,2,"5.461894,100.209128"
1,29.3,4.68,50.2,29.68,8.94,2,"5.461894,100.209128"
2,29.5,6.46,51.6,30.76,8.73,1,"5.466925,100.206189"
2,29.5,6.32,51.6,30.77,8.77,1,"5.466925,100.206189"
2,29.5,6.24,51.6,30.76,8.8,1,"5.466925,100.206189"
2,29.5,6.2,51.6,30.77,8.85,1,"5.466925,100.206189"
2,29.5,6.15,51.5,30.76,8.87,1,"5.466925,100.206189"
2,29.5,6.08,51.6,30.77,8.89,1,"5.466925,100.206189"
2,29.2,5.61,51.1,30.71,8.93,1,"5.466925,100.206189"
2,29.2,5.71,51.2,30.7,8.94,1,"5.466925,100.206189"
2,29.1,5.48,51.1,30.71,8.95,1,"5.466925,100.206189"
2,28.9,5.2,50.7,30.63,8.93,1,"5.466925,100.206189"
2,28.9,5.12,50.8,30.65,8.97,1,"5.466925,100.206189"
2,28.9,5.02,50.8,30.63,8.98,1,"5.466925,100.206189"
3,29.6,6.71,51.7,30.77,8.58,1,"5.482422,100.197283"
3,29.6,6.57,51.7,30.75,8.62,1,"5.482422,100.197283"
3,29.6,6.54,51.7,30.77,8.65,1,"5.482422,100.197283"
3,29.6,6.66,51.7,30.77,8.77,1,"5.482422,100.197283"
3,29.6,6.61,51.6,30.76,8.8,1,"5.482422,100.197283"
3,29.6,6.62,51.6,30.77,8.8,1,"5.482422,100.197283"
3,29.3,5.66,51.4,30.76,8.87,1,"5.482422,100.197283"
3,29.3,6.02,51.3,30.75,8.87,1,"5.482422,100.197283"
3,29.3,5.69,51.4,30.76,8.9,1,"5.482422,100.197283"
4,29.1,6.54,51.4,30.92,8.56,1,"5.491008,100.195036"
4,29.1,6.33,51.4,30.93,8.63,1,"5.491008,100.195036"
4,29.1,6.33,51.4,30.92,8.66,1,"5.491008,100.195036"
4,29.1,6.31,51.4,30.9,8.74,1,"5.491008,100.195036"
4,29.1,6.3,51.4,30.9,8.76,1,"5.491008,100.195036"
4,29.1,6.38,51.4,30.93,8.77,1,"5.491008,100.195036"
4,29.1,6.27,51.4,30.94,8.83,1,"5.491008,100.195036"
4,29.1,6.24,51.4,30.93,8.85,1,"5.491008,100.195036"
4,29.1,6.22,51.4,30.93,8.86,1,"5.491008,100.195036"
4,29.1,6.17,51.4,30.93,8.88,1,"5.491008,100.195036"
4,29.1,6.12,51.4,30.94,8.9,1,"5.491008,100.195036"
4,29.1,6.15,51.4,30.94,8.9,1,"5.491008,100.195036"
4,29.1,6.14,51.4,30.94,8.92,1,"5.491008,100.195036"
4,29.1,6.12,51.4,30.93,8.92,1,"5.491008,100.195036"
4,29.1,6.08,51.4,30.93,8.92,1,"5.491008,100.195036"
4,29.1,6.07,51.4,30.94,8.95,1,"5.491008,100.195036"
4,29.1,6.02,51.4,30.94,8.95,1,"5.491008,100.195036"
4,29.1,6.01,51.4,30.94,8.95,1,"5.491008,100.195036"
4,29.1,6.17,51.4,30.93,8.95,1,"5.491008,100.195036"
4,29.1,6.18,51.4,30.93,8.97,1,"5.491008,100.195036"
4,29.1,6.18,51.4,30.93,8.96,1,"5.491008,100.195036"
4,29.1,6.15,51.4,30.93,8.97,1,"5.491008,100.195036"
4,29.1,6.12,51.4,30.93,8.96,1,"5.491008,100.195036"
4,29.1,6.13,51.4,30.93,8.98,1,"5.491008,100.195036"
5,29.2,6.95,51.2,30.72,8.42,1,"5.506722,100.194008"
5,29.2,6.83,51.2,30.72,8.49,1,"5.506722,100.194008"
5,29.2,6.74,51.2,30.73,8.56,1,"5.506722,100.194008"
5,29.2,6.73,51.2,30.73,8.62,1,"5.506722,100.194008"
5,29.2,6.77,51.2,30.74,8.66,1,"5.506722,100.194008"
5,29.2,6.72,51.2,30.73,8.67,1,"5.506722,100.194008"
5,29.2,6.75,51.2,30.74,8.73,1,"5.506722,100.194008"
5,29.2,6.62,51.2,30.74,8.74,1,"5.506722,100.194008"
5,29.2,6.61,51.2,30.73,8.76,1,"5.506722,100.194008"
5,29.2,6.7,51.2,30.74,8.8,1,"5.506722,100.194008"
5,29.2,6.61,51.2,30.75,8.8,1,"5.506722,100.194008"
5,29.2,6.66,51.2,30.75,8.82,1,"5.506722,100.194008"
5,29.2,6.67,51.2,30.75,8.83,1,"5.506722,100.194008"
5,29.2,6.66,51.2,30.75,8.84,1,"5.506722,100.194008"
5,29.2,6.62,51.2,30.75,8.85,1,"5.506722,100.194008"
5,29.2,6.67,51.2,30.75,8.86,1,"5.506722,100.194008"
5,29.2,6.6,51.2,30.75,8.88,1,"5.506722,100.194008"
5,29.2,6.61,51.2,30.76,8.88,1,"5.506722,100.194008"
5,29.1,6.56,51.2,30.78,8.87,1,"5.506722,100.194008"
5,29.1,6.53,51.2,30.77,8.89,1,"5.506722,100.194008"
5,29.1,6.52,51.2,30.77,8.9,1,"5.506722,100.194008"
5,29.1,6.53,51.2,30.79,8.91,1,"5.506722,100.194008"
5,29.1,6.51,51.2,30.79,8.91,1,"5.506722,100.194008"
5,29.1,6.5,51.2,30.79,8.92,1,"5.506722,100.194008"
5,29.1,6.5,51.2,30.8,8.93,1,"5.506722,100.194008"
5,29.1,6.49,51.2,30.8,8.93,1,"5.506722,100.194008"
5,29.1,6.48,51.2,30.8,8.94,1,"5.506722,100.194008"
5,29.1,6.46,51.2,30.8,8.93,1,"5.506722,100.194008"
5,29.1,6.45,51.2,30.81,8.91,1,"5.506722,100.194008"
5,29.1,6.42,51.2,30.79,8.93,1,"5.506722,100.194008"
6,29.1,6.78,51,30.62,8.74,1,"5.511678,100.188361"
6,29.1,6.79,51,30.63,8.76,1,"5.511678,100.188361"
6,29.1,6.76,51,30.63,8.79,1,"5.511678,100.188361"
6,29.1,6.82,51,30.64,8.8,1,"5.511678,100.188361"
6,29.1,6.73,51,30.65,8.81,1,"5.511678,100.188361"
6,29.1,6.74,51,30.65,8.82,1,"5.511678,100.188361"
6,29.1,6.78,51,30.65,8.83,1,"5.511678,100.188361"
6,29.1,6.78,51,30.65,8.83,1,"5.511678,100.188361"
6,29.1,6.75,51,30.65,8.84,1,"5.511678,100.188361"
6,29.1,6.79,51,30.61,8.89,1,"5.511678,100.188361"
6,29.1,6.69,51,30.65,8.87,1,"5.511678,100.188361"
6,29.1,6.8,51,30.65,8.87,1,"5.511678,100.188361"
6,29.1,6.78,51,30.63,8.89,1,"5.511678,100.188361"
6,29.1,6.75,51,30.65,8.89,1,"5.511678,100.188361"
6,29.1,6.8,51,30.65,8.88,1,"5.511678,100.188361"
6,29.1,6.77,51,30.65,8.91,1,"5.511678,100.188361"
6,29.1,6.93,51,30.65,8.91,1,"5.511678,100.188361"
6,29.1,6.84,51,30.65,8.9,1,"5.511678,100.188361"
6,29.1,6.82,51,30.66,8.91,1,"5.511678,100.188361"
6,29.1,6.77,51,30.67,8.91,1,"5.511678,100.188361"
6,29.1,6.81,51,30.66,8.9,1,"5.511678,100.188361"
6,29.1,6.79,51,30.67,8.9,1,"5.511678,100.188361"
6,29.1,6.72,51,30.68,8.88,1,"5.511678,100.188361"
6,29.1,6.75,51,30.67,8.89,1,"5.511678,100.188361"
6,29.1,6.73,51,30.68,8.91,1,"5.511678,100.188361"
6,29.1,6.63,51,30.67,8.92,1,"5.511678,100.188361"
6,29.1,6.63,51,30.67,8.9,1,"5.511678,100.188361"
6,29.1,6.76,51,30.68,8.94,1,"5.511678,100.188361"
6,29.1,6.72,51,30.68,8.94,1,"5.511678,100.188361"
6,29.1,6.75,51,30.68,8.93,1,"5.511678,100.188361"
1,31.3,4.69,50.2,28.41,8.17,2,"5.461894,100.209128"
1,31.1,3.91,49.4,28.8,8.19,2,"5.461894,100.209128"
1,31.2,3.88,47.25,27.16,8.22,2,"5.461894,100.209128"
1,31.3,4.42,54,31.19,8.26,2,"5.461894,100.209128"
1,31.3,4.29,53.9,31.18,8.29,2,"5.461894,100.209128"
1,31.3,4.36,53.9,31.18,8.31,2,"5.461894,100.209128"
1,31.3,4.22,53.9,31.18,8.36,2,"5.461894,100.209128"
1,31.3,4.06,53.9,31.19,8.36,2,"5.461894,100.209128"
1,31.3,4.02,53.9,31.2,8.39,2,"5.461894,100.209128"
2,31.1,5.42,53.6,31.1,8.36,1,"5.466925,100.206189"
2,31.1,5.44,53.6,31.1,8.38,1,"5.466925,100.206189"
2,31.1,5.47,53.6,31.1,8.4,1,"5.466925,100.206189"
2,31.2,5.17,53.8,31.18,8.44,1,"5.466925,100.206189"
2,31.1,5.12,53.7,31.17,8.46,1,"5.466925,100.206189"
2,31.1,5.1,53.7,31.16,8.47,1,"5.466925,100.206189"
2,31.1,4.7,53.8,31.2,8.49,2,"5.466925,100.206189"
2,31.1,4.74,53.8,31.2,8.49,2,"5.466925,100.206189"
2,31.1,4.85,53.8,31.2,8.5,2,"5.466925,100.206189"
2,31.1,4.1,53.8,31.21,8.52,2,"5.466925,100.206189"
2,31.1,4.81,53.8,31.2,8.52,2,"5.466925,100.206189"
2,31.1,4.8,53.8,31.2,8.52,2,"5.466925,100.206189"
2,31.1,4.35,53.8,31.21,8.51,2,"5.466925,100.206189"
2,31.1,4.52,53.8,31.21,8.53,2,"5.466925,100.206189"
2,31.1,4.86,53.8,31.2,8.54,2,"5.466925,100.206189"
3,31.1,5.61,53.8,31.2,8.16,1,"5.482422,100.197283"
3,31.1,5.59,53.8,31.21,8.19,1,"5.482422,100.197283"
3,31.1,5.6,53.8,31.2,8.23,1,"5.482422,100.197283"
3,31.1,3.93,53.8,31.2,8.31,2,"5.482422,100.197283"
3,31.1,3.94,53.8,31.2,8.33,2,"5.482422,100.197283"
3,31.1,3.94,53.8,31.2,8.34,2,"5.482422,100.197283"
3,31.1,3.87,53.8,31.21,8.37,2,"5.482422,100.197283"
3,31.1,3.89,53.8,31.21,8.38,2,"5.482422,100.197283"
3,31.1,3.85,53.8,31.21,8.39,2,"5.482422,100.197283"
3,31.1,3.73,53.7,31.2,8.42,2,"5.482422,100.197283"
3,31.1,3.82,53.7,31.18,8.43,2,"5.482422,100.197283"
3,31.1,3.84,53.7,31.2,8.44,2,"5.482422,100.197283"
4,30.7,5.76,53.2,31.07,8.2,1,"5.491008,100.195036"
4,30.7,5.64,53.2,31.07,8.28,1,"5.491008,100.195036"
4,30.7,5.47,53.2,31.07,8.35,1,"5.491008,100.195036"
4,30.7,5.32,53.2,31.07,8.47,1,"5.491008,100.195036"
4,30.8,5.37,53.2,31.07,8.49,1,"5.491008,100.195036"
4,30.8,5.34,53.2,31.07,8.51,1,"5.491008,100.195036"
4,30.7,5.47,53.2,31.06,8.55,1,"5.491008,100.195036"
4,30.7,5.4,53.2,31.07,8.57,1,"5.491008,100.195036"
4,30.7,5.28,53.2,31.07,8.58,1,"5.491008,100.195036"
4,30.7,5.32,53.2,31.07,8.62,1,"5.491008,100.195036"
4,30.7,5.3,53.2,31.07,8.62,1,"5.491008,100.195036"
4,30.7,5.35,53.2,31.07,8.63,1,"5.491008,100.195036"
4,30.6,5.24,53.1,31.08,8.65,1,"5.491008,100.195036"
4,30.6,5.05,53.1,31.08,8.66,1,"5.491008,100.195036"
4,30.6,5.12,53.1,31.08,8.66,1,"5.491008,100.195036"
4,30.4,3.91,53.4,31.54,8.67,2,"5.491008,100.195036"
4,30.2,4.05,53.4,31.51,8.67,2,"5.491008,100.195036"
4,30.2,4.12,53.4,31.5,8.67,2,"5.491008,100.195036"
4,29.6,2.48,53.7,31.13,8.67,3,"5.491008,100.195036"
4,29.6,2.47,53.7,32.12,8.68,3,"5.491008,100.195036"
4,29.6,2.47,53.7,32.09,8.68,3,"5.491008,100.195036"
4,29.5,2.2,53.7,32.19,8.67,3,"5.491008,100.195036"
4,29.5,2.23,53.7,32.2,8.68,3,"5.491008,100.195036"
4,29.5,2.2,53.7,32.2,8.67,3,"5.491008,100.195036"
4,29.5,1.9,53.6,32.12,8.69,3,"5.491008,100.195036"
4,29.5,1.77,53.6,32.12,8.68,3,"5.491008,100.195036"
4,29.5,1.79,53.5,32.06,8.65,3,"5.491008,100.195036"
5,30.6,5.49,53.1,31.05,8.51,1,"5.506722,100.194008"
5,30.6,5.37,53.1,31.05,8.54,1,"5.506722,100.194008"
5,30.6,5.34,53.1,31.04,8.57,1,"5.506722,100.194008"
5,30.6,5.43,53.1,31.04,8.62,1,"5.506722,100.194008"
5,30.6,5.3,53.1,31.04,8.62,1,"5.506722,100.194008"
5,30.6,5.45,53.1,31.05,8.64,1,"5.506722,100.194008"
5,30.6,5.53,53.1,31.05,8.67,1,"5.506722,100.194008"
5,30.6,5.55,53.1,31.05,8.68,1,"5.506722,100.194008"
5,30.6,5.55,53.1,31.05,8.68,1,"5.506722,100.194008"
5,30.6,5.27,53.1,31.06,8.71,1,"5.506722,100.194008"
5,30.6,5.33,53.3,31.04,8.71,1,"5.506722,100.194008"
5,30.6,5.35,53,31.05,8.72,1,"5.506722,100.194008"
5,30.3,4.18,53.2,31.34,8.73,2,"5.506722,100.194008"
5,30.3,4.34,53.1,31.28,8.72,2,"5.506722,100.194008"
5,30.3,4.39,53.2,31.29,8.73,2,"5.506722,100.194008"
5,30,3.88,53.3,31.61,8.75,2,"5.506722,100.194008"
5,30,3.8,53.3,31.61,8.74,2,"5.506722,100.194008"
5,30,3.8,53.3,31.61,8.74,2,"5.506722,100.194008"
5,29.7,3.31,53.5,31.96,8.75,2,"5.506722,100.194008"
5,29.7,3.21,53.5,31.95,8.74,2,"5.506722,100.194008"
5,29.7,3.28,53.5,31.95,8.76,2,"5.506722,100.194008"
5,29.6,3.41,53.5,32.03,8.75,2,"5.506722,100.194008"
5,29.6,31.06,53.5,32.02,8.73,1,"5.506722,100.194008"
5,29.6,3.21,53.5,32.02,8.75,2,"5.506722,100.194008"
5,29.3,2.8,53.6,32.27,8.73,3,"5.506722,100.194008"
5,29.3,2.75,53.6,32.3,8.74,3,"5.506722,100.194008"
5,29.3,2.68,53.6,32.31,8.75,3,"5.506722,100.194008"
5,29.3,2.43,53.7,32.27,8.74,3,"5.506722,100.194008"
5,29.2,2.38,53.7,32.27,8.74,3,"5.506722,100.194008"
5,29.2,2.38,53.7,32.37,8.74,3,"5.506722,100.194008"
6,30.6,5.26,63.1,31.04,8.55,1,"5.511678,100.188361"
6,30.6,5.27,63.1,31.04,8.56,1,"5.511678,100.188361"
6,30.6,5.27,63.1,31.04,8.57,1,"5.511678,100.188361"
6,30.6,5.47,53,31.03,8.6,1,"5.511678,100.188361"
6,30.6,5.43,53,31.03,8.61,1,"5.511678,100.188361"
6,30.6,5.44,53,31.03,8.61,1,"5.511678,100.188361"
6,30.5,5.47,52.9,31.04,8.64,1,"5.511678,100.188361"
6,30.5,5.41,52.9,31.04,8.64,1,"5.511678,100.188361"
6,30.5,5.47,52.9,31.03,8.65,1,"5.511678,100.188361"
6,30.5,5.32,52.9,31.04,8.68,1,"5.511678,100.188361"
6,30.5,5.27,52.9,31.04,8.68,1,"5.511678,100.188361"
6,30.5,5.25,52.9,31.03,8.68,1,"5.511678,100.188361"
6,30.5,5.01,52.9,31.06,8.69,1,"5.511678,100.188361"
6,30.5,5.17,52.9,31.06,8.7,1,"5.511678,100.188361"
6,30.5,5.16,52.9,31.05,8.7,1,"5.511678,100.188361"
6,30.4,4.56,53.1,31.28,8.72,2,"5.511678,100.188361"
6,30.2,4.46,53.1,31.34,8.72,2,"5.511678,100.188361"
6,30.2,4.39,53.1,31.35,8.72,2,"5.511678,100.188361"
6,30.1,3.31,53.4,31.73,8.73,2,"5.511678,100.188361"
6,30,3.31,53.4,31.7,8.73,2,"5.511678,100.188361"
6,30.3,3.23,53.4,31.72,8.73,2,"5.511678,100.188361"
6,29.4,2.92,53.6,32.23,8.76,3,"5.511678,100.188361"
6,29.4,2.91,53.6,32.24,8.76,3,"5.511678,100.188361"
6,29.4,2.88,53.6,32.26,8.77,3,"5.511678,100.188361"
6,29.1,2.46,53.7,32.47,8.77,3,"5.511678,100.188361"
6,29.1,2.48,53.7,32.47,8.78,3,"5.511678,100.188361"
6,29.1,2.53,53.7,32.47,8.77,3,"5.511678,100.188361"
6,29.1,2.55,53.7,32.47,8.8,3,"5.511678,100.188361"
6,29.1,2.41,53.7,32.47,8.8,3,"5.511678,100.188361"
6,29.1,2.46,53.7,32.47,8.79,3,"5.511678,100.188361"
1,31.5,4.1,53.7,30.87,8.4,2,"5.461894,100.209128"
1,31.5,5.04,52.8,30.49,8.45,1,"5.461894,100.209128"
1,31.4,4.18,52.8,30.41,8.49,2,"5.461894,100.209128"
1,31.5,4.62,54.1,30.18,8.58,2,"5.461894,100.209128"
1,31.5,4.46,54.1,30.17,8.59,2,"5.461894,100.209128"
1,31.5,4.4,54.1,30.17,8.6,2,"5.461894,100.209128"
2,31.1,4.79,53.8,31.18,8.41,2,"5.466925,100.206189"
2,31.2,4.6,53.8,31.19,8.46,2,"5.466925,100.206189"
2,31.2,4.72,53.8,31.21,8.48,2,"5.466925,100.206189"
2,31.2,4.17,53.8,31.24,8.54,2,"5.466925,100.206189"
2,31.1,4,53.9,31.27,8.56,2,"5.466925,100.206189"
2,31.2,4.04,53.8,31.25,8.57,2,"5.466925,100.206189"
2,31.1,3.79,53.8,31.23,8.61,2,"5.466925,100.206189"
2,31.1,3.73,53.8,31.2,8.62,2,"5.466925,100.206189"
2,31.1,3.57,53.7,31.23,8.63,2,"5.466925,100.206189"
2,31.1,3.44,53.7,31.17,8.65,2,"5.466925,100.206189"
2,31,3.5,53.7,31.22,8.66,2,"5.466925,100.206189"
2,31,3.6,53.7,31.23,8.67,2,"5.466925,100.206189"
2,31.1,3.44,53.6,31.1,8.67,2,"5.466925,100.206189"
2,31.1,3.91,53.6,31.22,8.69,2,"5.466925,100.206189"
2,31.1,3.47,53.6,31.16,8.7,2,"5.466925,100.206189"
3,31.2,4.85,54,31.25,8.41,2,"5.482422,100.197283"
3,31.2,4.8,54,31.24,8.44,2,"5.482422,100.197283"
3,31.2,4.71,54,31.25,8.48,2,"5.482422,100.197283"
3,31.2,4.89,53.9,31.25,8.55,2,"5.482422,100.197283"
3,31.2,4.7,53.9,31.25,8.56,2,"5.482422,100.197283"
3,31.2,4.64,54,31.26,8.59,2,"5.482422,100.197283"
3,31.2,4.19,53.9,31.25,8.62,2,"5.482422,100.197283"
3,31.1,4.14,53.9,31.25,8.62,2,"5.482422,100.197283"
3,31.1,4.12,53.9,31.25,8.62,2,"5.482422,100.197283"
3,31.1,4.01,53.7,31.15,8.64,2,"5.482422,100.197283"
3,31.1,4.1,53.1,30.71,8.65,2,"5.482422,100.197283"
3,3.2,4.12,53,30.79,8.66,2,"5.482422,100.197283"
4,31.2,4.91,53.7,31.13,8.16,2,"5.491008,100.195036"
4,31.2,4.97,53.8,31.13,8.24,2,"5.491008,100.195036"
4,31.2,4.9,53.8,31.13,8.32,2,"5.491008,100.195036"
4,31.2,4.9,53.7,31.12,8.43,2,"5.491008,100.195036"
4,31.2,4.87,53.8,31.13,8.46,2,"5.491008,100.195036"
4,31.2,4.91,53.8,31.13,8.49,2,"5.491008,100.195036"
4,31.2,4.98,53.8,31.13,8.53,2,"5.491008,100.195036"
4,31.2,5.02,53.8,31.13,8.55,1,"5.491008,100.195036"
4,31.2,5.09,53.8,31.13,8.55,1,"5.491008,100.195036"
4,31.2,4.96,53.7,31.13,8.59,2,"5.491008,100.195036"
4,31.2,4.92,53.8,31.13,8.59,2,"5.491008,100.195036"
4,31.2,4.91,53.8,31.13,8.6,2,"5.491008,100.195036"
4,31.2,4.9,53.8,31.18,8.63,2,"5.491008,100.195036"
4,31.2,4.95,53.8,31.14,8.65,2,"5.491008,100.195036"
4,31.2,4.96,53.4,31.14,8.65,2,"5.491008,100.195036"
4,31.2,4.97,53.3,31.18,8.66,2,"5.491008,100.195036"
4,31.2,4.9,53.9,31.19,8.68,2,"5.491008,100.195036"
4,31.2,4.89,53.9,31.19,8.68,2,"5.491008,100.195036"
4,31.2,4.99,54,31.27,8.69,2,"5.491008,100.195036"
4,31.2,4.77,54,31.26,8.69,2,"5.491008,100.195036"
4,31.2,4.72,54,31.27,8.7,2,"5.491008,100.195036"
4,31.7,4.69,54,31.29,8.71,2,"5.491008,100.195036"
4,31.7,4.66,54,31.29,8.71,2,"5.491008,100.195036"
4,31.7,4.66,54,31.29,8.71,2,"5.491008,100.195036"
4,31.3,4.7,54.1,31.3,8.72,2,"5.491008,100.195036"
4,31.3,4.73,54,31.29,8.73,2,"5.491008,100.195036"
4,31.3,4.66,54,31.29,8.71,2,"5.491008,100.195036"
5,31.1,5.17,53.8,31.2,8.43,1,"5.506722,100.194008"
5,31.1,5.15,53.8,31.2,8.48,1,"5.506722,100.194008"
5,31.1,5.12,53.9,31.19,8.52,1,"5.506722,100.194008"
5,31.1,5.13,53.8,31.19,8.58,1,"5.506722,100.194008"
5,31.1,5.12,53.8,31.2,8.6,1,"5.506722,100.194008"
5,31.1,4.93,53.8,31.19,8.63,2,"5.506722,100.194008"
5,31.1,5.14,53.8,31.2,8.65,1,"5.506722,100.194008"
5,31.1,5.14,53.8,31.2,8.66,1,"5.506722,100.194008"
5,31.1,5.07,53.8,31.2,8.67,1,"5.506722,100.194008"
5,31.1,5.18,53.8,31.2,8.69,1,"5.506722,100.194008"
5,31.1,5.16,53.8,31.2,8.69,1,"5.506722,100.194008"
5,31.1,5.14,53.8,31.2,8.7,1,"5.506722,100.194008"
5,31.1,5.17,53.8,31.2,8.72,1,"5.506722,100.194008"
5,31.1,5.16,53.8,31.21,8.72,1,"5.506722,100.194008"
5,31.1,5.05,53.8,31.22,8.73,1,"5.506722,100.194008"
5,31.2,5.13,53.9,31.26,8.74,1,"5.506722,100.194008"
5,31.2,5.12,53.9,31.25,8.74,1,"5.506722,100.194008"
5,31.2,5.01,53.9,31.25,8.75,1,"5.506722,100.194008"
5,31.2,5.08,54,31.26,8.75,1,"5.506722,100.194008"
5,31.2,5.08,54,31.28,8.75,1,"5.506722,100.194008"
5,31.2,5.04,54,31.27,8.76,1,"5.506722,100.194008"
5,31.2,4.88,54,31.28,8.77,2,"5.506722,100.194008"
5,31.2,4.98,54,31.28,8.78,2,"5.506722,100.194008"
5,31.2,5.07,54,31.28,8.78,1,"5.506722,100.194008"
5,31.2,4.98,54,31.3,8.77,2,"5.506722,100.194008"
5,31.3,5,54.1,31.3,8.78,1,"5.506722,100.194008"
5,31.3,5.03,54.1,31.3,8.79,1,"5.506722,100.194008"
5,31.3,5.01,54.1,31.3,8.78,1,"5.506722,100.194008"
5,31.3,4.99,54.1,31.3,8.78,2,"5.506722,100.194008"
5,31.3,5.02,54.1,31.3,8.77,1,"5.506722,100.194008"
6,31.1,4.96,53.5,30.15,8.58,2,"5.511678,100.188361"
6,31.2,5.06,53.4,30.96,8.6,1,"5.511678,100.188361"
6,31.2,5.13,53.5,30.95,8.61,1,"5.511678,100.188361"
6,31.2,5.17,53.5,30.96,8.66,1,"5.511678,100.188361"
6,31.2,5.17,53.5,30.96,8.65,1,"5.511678,100.188361"
6,31.2,5.21,53.5,30.96,8.65,1,"5.511678,100.188361"
6,31.2,5.23,53.5,30.95,8.7,1,"5.511678,100.188361"
6,31.2,5.25,53.5,30.95,8.67,1,"5.511678,100.188361"
6,31.2,5.22,53.5,30.95,8.68,1,"5.511678,100.188361"
6,31.2,5.29,53.5,30.95,8.68,1,"5.511678,100.188361"
6,31.2,5.35,53.5,30.95,8.68,1,"5.511678,100.188361"
6,31.2,5.3,53.5,30.95,8.69,1,"5.511678,100.188361"
6,31.2,5.25,53.9,31.11,8.7,1,"5.511678,100.188361"
6,31.4,5.12,53.9,31.13,8.71,1,"5.511678,100.188361"
6,31.4,5.12,53.8,31.09,8.7,1,"5.511678,100.188361"
6,31.5,5,54.1,31.23,8.72,1,"5.511678,100.188361"
6,31.5,4.98,54.1,31.22,8.71,2,"5.511678,100.188361"
6,31.5,4.99,54.2,31.23,8.71,2,"5.511678,100.188361"
6,31.5,4.9,54.2,31.27,8.74,2,"5.511678,100.188361"
6,31.5,4.98,54.2,31.27,8.72,2,"5.511678,100.188361"
6,31.5,4.91,54.2,31.27,8.72,2,"5.511678,100.188361"
6,31.5,4.94,54.2,32.8,8.71,2,"5.511678,100.188361"
6,31.5,4.87,54.2,32.8,8.72,2,"5.511678,100.188361"
6,31.5,4.85,54.2,31.28,8.72,2,"5.511678,100.188361"
6,31.5,4.82,54.2,31.28,8.73,2,"5.511678,100.188361"
6,31.5,4.84,54.2,31.28,8.74,2,"5.511678,100.188361"
6,31.5,4.83,54.2,31.28,8.75,2,"5.511678,100.188361"
6,31.5,4.87,54.2,31.28,8.73,2,"5.511678,100.188361"
6,31.5,4.78,54.2,31.28,8.77,2,"5.511678,100.188361"
6,,4.93,54.2,31.28,8.74,2,"5.511678,100.188361"
1,30.4,3.3,46.97,26.07,8.13,2,"5.461894,100.209128"
1,30.3,3.02,44.28,26.39,8.2,2,"5.461894,100.209128"
1,30.3,2.9,44.65,25.77,8.24,3,"5.461894,100.209128"
1,30.3,4.36,52.8,30.93,8.42,2,"5.461894,100.209128"
1,30.5,4.46,52.8,30.93,8.44,2,"5.461894,100.209128"
1,30.6,4.5,52.8,30.92,8.48,2,"5.461894,100.209128"
2,30.3,4.19,52.8,31.04,8.33,2,"5.466925,100.206189"
2,30.3,4.15,52.7,31.04,8.36,2,"5.466925,100.206189"
2,30.3,4.22,52.8,31.05,8.38,2,"5.466925,100.206189"
2,30.2,4.21,52.5,31.02,8.42,2,"5.466925,100.206189"
2,30.1,4,52.5,31.03,8.45,2,"5.466925,100.206189"
2,30.1,3.81,52.5,31.04,8.48,2,"5.466925,100.206189"
2,30.1,3.95,52.5,31.03,8.51,2,"5.466925,100.206189"
2,30,3.81,52.5,31.02,8.52,2,"5.466925,100.206189"
2,30,3.76,52.4,31.02,8.52,2,"5.466925,100.206189"
2,29.9,3.74,52.2,30.95,8.55,2,"5.466925,100.206189"
2,29.9,3.47,52.3,30.96,8.56,2,"5.466925,100.206189"
2,29.9,3.45,52.3,30.95,8.6,2,"5.466925,100.206189"
2,29.6,2.59,51.9,30.71,8.49,3,"5.466925,100.206189"
2,30,2.35,55.7,31.99,8.5,3,"5.466925,100.206189"
2,30,2.35,52.3,30.94,8.51,3,"5.466925,100.206189"
3,30.3,4.3,53,31.07,8.06,2,"5.482422,100.197283"
3,30.6,4.3,53,31.07,8.12,2,"5.482422,100.197283"
3,30.6,4.32,53,31.07,8.18,2,"5.482422,100.197283"
3,30.5,4.56,52.8,31.04,8.3,2,"5.482422,100.197283"
3,30.3,4.4,52.8,31.07,8.33,2,"5.482422,100.197283"
3,30.4,4.54,52.8,31.07,8.35,2,"5.482422,100.197283"
3,30.4,4.52,52.7,31.06,8.41,2,"5.482422,100.197283"
3,30.3,4.28,52.7,31.05,8.43,2,"5.482422,100.197283"
3,30.3,4.27,52.7,31.06,8.44,2,"5.482422,100.197283"
3,30.3,4.17,52.7,31.06,8.46,2,"5.482422,100.197283"
3,30.3,4.1,52.7,31.05,8.49,2,"5.482422,100.197283"
3,30.3,4.14,52.7,31.05,8.47,2,"5.482422,100.197283"
4,30.6,4.5,53,31.03,8.04,2,"5.491008,100.195036"
4,30.6,4.49,53,31.03,8.12,2,"5.491008,100.195036"
4,30.6,4.48,53,31.02,8.18,2,"5.491008,100.195036"
4,30.6,4.63,53,31.02,8.29,2,"5.491008,100.195036"
4,30.6,4.67,53,31.02,8.33,2,"5.491008,100.195036"
4,30.6,4.68,53,31.02,8.35,2,"5.491008,100.195036"
4,30.6,4.69,53,31.02,8.41,2,"5.491008,100.195036"
4,30.6,4.66,53,31.02,8.41,2,"5.491008,100.195036"
4,30.6,4.62,53,31.02,8.43,2,"5.491008,100.195036"
4,30.6,4.65,52.9,31.01,8.48,2,"5.491008,100.195036"
4,30.6,4.65,52.9,31.02,8.47,2,"5.491008,100.195036"
4,30.6,4.55,53,31.02,8.49,2,"5.491008,100.195036"
4,30.6,4.54,52.9,31.02,8.51,2,"5.491008,100.195036"
4,30.5,4.49,52.9,31.02,8.53,2,"5.491008,100.195036"
4,30.5,4.51,52.9,31.01,8.55,2,"5.491008,100.195036"
4,30.5,4.47,52.9,31.01,8.55,2,"5.491008,100.195036"
4,30.5,4.48,52.9,31.02,8.56,2,"5.491008,100.195036"
4,30.5,4.44,52.9,31,8.57,2,"5.491008,100.195036"
4,30.5,4.51,52.9,31.01,8.57,2,"5.491008,100.195036"
4,30.5,4.4,52.9,31.01,8.57,2,"5.491008,100.195036"
4,30.5,4.39,52.9,31.01,8.59,2,"5.491008,100.195036"
4,30.5,4.42,52.9,31.01,8.6,2,"5.491008,100.195036"
4,30.5,4.37,52.9,31.02,8.61,2,"5.491008,100.195036"
4,30.5,4.37,52.9,31.02,8.62,2,"5.491008,100.195036"
4,30.5,4.32,52.9,31.01,8.61,2,"5.491008,100.195036"
4,30.5,4.39,52.9,31,8.62,2,"5.491008,100.195036"
4,30.5,4.32,52.9,31.01,8.64,2,"5.491008,100.195036"
5,30.4,4.99,53.3,31.21,8.38,2,"5.506722,100.194008"
5,30.6,4.98,53.3,31.18,8.41,2,"5.506722,100.194008"
5,30.6,4.94,53.3,31.19,8.46,2,"5.506722,100.194008"
5,30.6,5.11,53.3,31.19,8.5,1,"5.506722,100.194008"
5,30.6,5.01,53.2,31.19,8.52,1,"5.506722,100.194008"
5,30.6,5.02,53.3,31.19,8.54,1,"5.506722,100.194008"
5,30.6,5.05,53.3,31.18,8.57,1,"5.506722,100.194008"
5,30.6,5.95,53.3,31.18,8.57,1,"5.506722,100.194008"
5,30.6,4.99,53.3,31.19,8.58,2,"5.506722,100.194008"
5,30.3,4.99,53.2,31.19,8.61,2,"5.506722,100.194008"
5,30.6,4.91,53.2,31.18,8.6,2,"5.506722,100.194008"
5,30.6,4.9,53.3,31.19,8.6,2,"5.506722,100.194008"
5,30.6,4.91,53.2,31.19,8.63,2,"5.506722,100.194008"
5,30.6,4.79,53.2,31.19,8.63,2,"5.506722,100.194008"
5,30.6,4.83,53.2,31.19,8.64,2,"5.506722,100.194008"
5,30.6,4.78,53.2,31.19,8.64,2,"5.506722,100.194008"
5,30.6,4.74,53.2,31.19,8.65,2,"5.506722,100.194008"
5,30.6,4.76,53.2,31.19,8.65,2,"5.506722,100.194008"
5,30.6,4.9,53.3,31.19,8.66,2,"5.506722,100.194008"
5,30.6,4.79,53.3,31.2,8.65,2,"5.506722,100.194008"
5,30.6,4.79,53.3,31.19,8.67,2,"5.506722,100.194008"
5,30.6,4.41,53.2,31.2,8.67,2,"5.506722,100.194008"
5,30.6,4.87,53.2,31.19,8.66,2,"5.506722,100.194008"
5,30.6,4.88,53.2,31.19,8.67,2,"5.506722,100.194008"
5,30.6,4.79,53.2,31.2,8.7,2,"5.506722,100.194008"
5,30.6,4.83,53.2,31.2,8.67,2,"5.506722,100.194008"
5,30.6,4.67,53.2,31.2,8.68,2,"5.506722,100.194008"
5,30.6,4.99,53.2,31.19,8.69,2,"5.506722,100.194008"
5,30.6,4.86,53.2,31.2,8.69,2,"5.506722,100.194008"
5,30.6,4.8,53.2,31.19,8.69,2,"5.506722,100.194008"
6,30.5,5.03,53.3,31.25,8.43,1,"5.511678,100.188361"
6,30.5,5,53.4,31.27,8.44,1,"5.511678,100.188361"
6,30.5,5.91,53.3,31.25,8.46,1,"5.511678,100.188361"
6,30.5,4.95,53.3,31.26,8.51,2,"5.511678,100.188361"
6,30.5,4.96,53.3,31.26,8.52,2,"5.511678,100.188361"
6,30.5,4.9,53.3,31.25,8.51,2,"5.511678,100.188361"
6,30.5,5.01,53.3,31.28,8.57,1,"5.511678,100.188361"
6,30.5,4.96,53.3,31.26,8.56,2,"5.511678,100.188361"
6,30.5,5.06,53.3,31.27,8.57,1,"5.511678,100.188361"
6,30.5,4.93,53.3,31.26,8.62,2,"5.511678,100.188361"
6,30.5,4.98,53.3,31.26,8.6,2,"5.511678,100.188361"
6,30.5,5.02,53.3,31.25,8.61,1,"5.511678,100.188361"
6,30.5,4.91,53.3,31.26,8.63,2,"5.511678,100.188361"
6,30.5,4.88,53.3,31.25,8.63,2,"5.511678,100.188361"
6,30.5,4.85,53.3,31.25,8.62,2,"5.511678,100.188361"
6,30.5,4.91,53.3,31.25,8.65,2,"5.511678,100.188361"
6,30.5,4.9,53.3,31.24,8.65,2,"5.511678,100.188361"
6,30.5,4.87,53.3,31.25,8.65,2,"5.511678,100.188361"
6,30.5,4.92,53.3,31.25,8.67,2,"5.511678,100.188361"
6,30.5,4.87,53.3,31.25,8.66,2,"5.511678,100.188361"
6,30.5,4.84,53.3,31.25,8.64,2,"5.511678,100.188361"
6,30.5,5.01,53.3,31.25,8.69,1,"5.511678,100.188361"
6,30.5,4.92,53.2,31.24,8.69,2,"5.511678,100.188361"
6,30.5,4.85,53.2,31.25,8.68,2,"5.511678,100.188361"
6,30.5,4.9,53.2,31.25,8.69,2,"5.511678,100.188361"
6,30.5,4.83,53.3,31.25,8.7,2,"5.511678,100.188361"
6,30.5,4.87,53.3,31.25,8.68,2,"5.511678,100.188361"
6,30.5,4.94,53.3,31.25,8.68,2,"5.511678,100.188361"
6,30.5,4.83,53.3,31.24,8.7,2,"5.511678,100.188361"
6,30.5,4.87,53.2,31.25,8.7,2,"5.511678,100.188361"
1,29.8,4.33,51.8,30.73,8.06,2,"5.461894,100.209128"
1,29.9,4.14,51.9,30.67,8.21,2,"5.461894,100.209128"
1,30,3.93,51.8,30.66,8.27,2,"5.461894,100.209128"
1,29.7,4.05,52.1,30.95,8.42,2,"5.461894,100.209128"
1,29.7,3.92,52.1,30.95,8.45,2,"5.461894,100.209128"
1,29.7,3.83,52.1,30.95,8.47,2,"5.461894,100.209128"
2,29.7,3.88,51.8,30.82,8.37,2,"5.466925,100.206189"
2,29.7,3.75,51.8,30.82,8.4,2,"5.466925,100.206189"
2,29.7,3.69,51.8,30.83,8.47,2,"5.466925,100.206189"
2,29.6,3.43,51.8,30.88,8.51,2,"5.466925,100.206189"
2,29.6,3.24,51.8,30.9,8.52,2,"5.466925,100.206189"
2,29.6,3.23,51.8,30.9,8.53,2,"5.466925,100.206189"
2,29.6,3.22,51.8,30.89,8.53,2,"5.466925,100.206189"
2,29.6,3.13,51.8,30.9,8.56,2,"5.466925,100.206189"
2,29.6,3.18,51.8,30.89,8.56,2,"5.466925,100.206189"
2,29.6,3.35,51.9,30.93,8.58,2,"5.466925,100.206189"
2,29.6,3.12,51.9,30.94,8.58,2,"5.466925,100.206189"
2,29.6,3.14,51.8,30.91,8.59,2,"5.466925,100.206189"
2,29.6,2.77,51.7,30.81,8.61,3,"5.466925,100.206189"
2,29.5,2.55,51.7,30.83,8.62,3,"5.466925,100.206189"
2,29.6,2.37,51.7,30.81,8.61,3,"5.466925,100.206189"
3,29.7,3.6,52.1,30.99,8.69,2,"5.482422,100.197283"
3,29.7,3.57,52.1,30.99,8.7,2,"5.482422,100.197283"
3,29.8,3.66,52.1,30.99,8.71,2,"5.482422,100.197283"
3,29.8,3.9,52.1,30.99,8.71,2,"5.482422,100.197283"
3,29.7,3.67,52.1,30.99,8.71,2,"5.482422,100.197283"
3,29.7,3.67,52.1,30.99,8.72,2,"5.482422,100.197283"
3,29.7,3.65,52.1,30.98,8.72,2,"5.482422,100.197283"
3,29.7,3.56,52.1,30.99,8.73,2,"5.482422,100.197283"
3,29.7,3.58,52.1,31,8.74,2,"5.482422,100.197283"
3,29.7,3.61,52,31.96,8.7,2,"5.482422,100.197283"
3,29.7,3.72,52,31.96,8.7,2,"5.482422,100.197283"
3,29.7,3.6,52,31.94,8.7,2,"5.482422,100.197283"
4,29.7,4.14,52.7,31.43,8.45,2,"5.491008,100.195036"
4,29.7,4.11,52.7,31.43,8.48,2,"5.491008,100.195036"
4,29.7,3.95,52.7,31.43,8.51,2,"5.491008,100.195036"
4,29.7,3.91,52.7,31.44,8.56,2,"5.491008,100.195036"
4,29.7,3.88,52.7,31.43,8.57,2,"5.491008,100.195036"
4,29.7,3.9,52.7,31.44,8.58,2,"5.491008,100.195036"
4,29.7,3.96,52.7,31.44,8.6,2,"5.491008,100.195036"
4,29.7,4.01,52.7,31.48,8.61,2,"5.491008,100.195036"
4,29.7,4.03,52.7,31.43,8.61,2,"5.491008,100.195036"
4,29.7,4.12,52.7,31.42,8.61,2,"5.491008,100.195036"
4,29.7,4,52.7,31.44,8.61,2,"5.491008,100.195036"
4,29.7,4,52.8,31.42,8.63,2,"5.491008,100.195036"
4,29.7,4.02,52.7,31.42,8.64,2,"5.491008,100.195036"
4,29.7,3.85,52.7,31.42,8.64,2,"5.491008,100.195036"
4,29.7,3.9,52.7,31.43,8.64,2,"5.491008,100.195036"
4,29.7,3.9,52.7,31.42,8.66,2,"5.491008,100.195036"
4,29.7,3.5,52.7,31.42,8.65,2,"5.491008,100.195036"
4,29.7,3.76,52.7,31.42,8.66,2,"5.491008,100.195036"
4,29.7,3.9,52.7,31.39,8.62,2,"5.491008,100.195036"
4,29.7,3.93,52.7,31.39,8.66,2,"5.491008,100.195036"
4,29.7,4.05,52.7,31.39,8.69,2,"5.491008,100.195036"
4,29.7,3.53,52.1,29.76,8.66,2,"5.491008,100.195036"
4,29.7,3.53,52.1,29.95,8.65,2,"5.491008,100.195036"
4,29.7,3.57,50.7,29.9,8.66,2,"5.491008,100.195036"
5,29.6,5.55,51.8,30.81,8.2,1,"5.506722,100.194008"
5,29.6,5.45,51.7,30.82,8.31,1,"5.506722,100.194008"
5,29.6,5.36,51.8,30.87,8.4,1,"5.506722,100.194008"
5,29.6,5.66,51.8,30.86,8.47,1,"5.506722,100.194008"
5,29.6,5.58,51.8,30.87,8.5,1,"5.506722,100.194008"
5,29.6,5.45,51.8,30.86,8.52,1,"5.506722,100.194008"
5,29.6,5.5,51.9,30.89,8.61,1,"5.506722,100.194008"
5,29.6,5.54,51.9,30.88,8.62,1,"5.506722,100.194008"
5,29.6,5.6,51.9,30.87,8.63,1,"5.506722,100.194008"
5,29.6,5.73,51.9,30.93,8.66,1,"5.506722,100.194008"
5,29.6,5.8,51.9,30.92,8.67,1,"5.506722,100.194008"
5,29.6,5.79,51.8,30.87,8.67,1,"5.506722,100.194008"
5,29.6,5.83,52,30.93,8.69,1,"5.506722,100.194008"
5,29.7,5.77,52,30.92,8.7,1,"5.506722,100.194008"
5,29.7,5.77,52,30.94,8.71,1,"5.506722,100.194008"
5,29.7,5.73,52,30.96,8.73,1,"5.506722,100.194008"
5,29.7,5.81,52,30.96,8.74,1,"5.506722,100.194008"
5,29.7,5.78,52,30.95,8.73,1,"5.506722,100.194008"
5,29.7,5.68,52,30.98,8.74,1,"5.506722,100.194008"
5,29.7,5.75,52,30.98,8.73,1,"5.506722,100.194008"
5,29.7,5.52,52,30.98,8.74,1,"5.506722,100.194008"
5,29.7,5.58,52.1,31.03,8.73,1,"5.506722,100.194008"
5,29.7,5.6,52.1,31.02,8.75,1,"5.506722,100.194008"
5,29.7,5.56,52.1,31.04,8.74,1,"5.506722,100.194008"
5,29.7,5.45,52.2,31,8.74,1,"5.506722,100.194008"
5,29.7,5.33,52.2,31.08,8.74,1,"5.506722,100.194008"
5,29.7,5.47,52.2,31.11,8.74,1,"5.506722,100.194008"
5,29.7,5.39,52.2,31.98,8.78,1,"5.506722,100.194008"
5,29.1,5.48,52.2,31.24,8.76,1,"5.506722,100.194008"
5,29.6,5.38,52.2,31.11,8.77,1,"5.506722,100.194008"
6,29.7,5.89,51.9,30.86,8.52,1,"5.511678,100.188361"
6,29.7,5.61,51.9,30.86,8.53,1,"5.511678,100.188361"
6,29.7,5.5,51.9,30.85,8.55,1,"5.511678,100.188361"
6,29.7,5.63,51.9,30.85,8,1,"5.511678,100.188361"
6,29.7,5.83,51.8,30.84,8.61,1,"5.511678,100.188361"
6,29.7,5.69,51.9,30.86,8.61,1,"5.511678,100.188361"
6,29.7,5.8,51.8,30.86,8.64,1,"5.511678,100.188361"
6,29.7,5.98,51.9,30.86,8.64,1,"5.511678,100.188361"
6,29.7,5.74,51.9,30.85,8.64,1,"5.511678,100.188361"
6,29.7,5.79,51.9,30.86,8.66,1,"5.511678,100.188361"
6,29.7,5.72,51.9,30.85,8.67,1,"5.511678,100.188361"
6,29.7,5.87,51.9,30.86,8.67,1,"5.511678,100.188361"
6,29.7,5.77,51.9,30.87,8.7,1,"5.511678,100.188361"
6,29.7,5.69,51.9,30.89,8.7,1,"5.511678,100.188361"
6,29.7,5.79,51.9,30.88,8.69,1,"5.511678,100.188361"
6,29.7,5.79,52.1,30.9,8.73,1,"5.511678,100.188361"
6,29.7,5.68,52,30.92,8.72,1,"5.511678,100.188361"
6,29.7,5.71,52,30.91,8.72,1,"5.511678,100.188361"
6,29.8,5.69,52,30.93,8.71,1,"5.511678,100.188361"
6,29.8,5.68,52.1,30.94,8.73,1,"5.511678,100.188361"
6,29.8,5.62,52.1,30.95,8.72,1,"5.511678,100.188361"
6,29.8,5.47,52.2,31.01,8.79,1,"5.511678,100.188361"
6,29.8,5.55,52.2,30.99,8.74,1,"5.511678,100.188361"
6,29.8,5.76,52.2,30.99,8.73,1,"5.511678,100.188361"
6,29.8,5.57,52.4,31.1,8.74,1,"5.511678,100.188361"
6,29.8,5.6,52.3,31.08,8.74,1,"5.511678,100.188361"
6,29.8,5.46,52.4,31.09,8.72,1,"5.511678,100.188361"
6,29.9,5.4,52.7,31.33,8.68,1,"5.511678,100.188361"
6,29.9,5.34,52.7,31.31,8.68,1,"5.511678,100.188361"
6,29.9,5.52,52.7,31.33,8.69,1,"5.511678,100.188361"
1,30,5.84,43.27,24.88,8.06,1,"5.461894,100.209128"
1,30,5.79,43.51,25.21,8.09,1,"5.461894,100.209128"
1,30,5.63,43.4,25.15,8.12,1,"5.461894,100.209128"
1,30,6.25,44.55,25.86,8.5,1,"5.461894,100.209128"
1,30,6.19,44.55,25.86,8.26,1,"5.461894,100.209128"
1,30,6.16,44.55,25.87,8.26,1,"5.461894,100.209128"
2,29.9,5.81,43.8,25.47,8.1,1,"5.466925,100.206189"
2,29.9,5.7,43.84,25.46,8.13,1,"5.466925,100.206189"
2,29.9,5.65,43.9,25.48,8.16,1,"5.466925,100.206189"
2,29.5,5.43,43.95,25.76,8.2,1,"5.466925,100.206189"
2,29.5,5.44,43.97,25.76,8.21,1,"5.466925,100.206189"
2,29.5,5.44,43.95,25.76,8.21,1,"5.466925,100.206189"
2,29.3,5.13,43.97,25.84,8.18,1,"5.466925,100.206189"
2,29.3,4.99,43.97,25.84,8.18,2,"5.466925,100.206189"
2,29.4,5.04,43.97,25.84,8.18,1,"5.466925,100.206189"
2,29.3,4.53,43.92,25.84,8.15,2,"5.466925,100.206189"
2,29.3,4.41,43.92,25.84,8.15,2,"5.466925,100.206189"
2,29.3,4.38,43.92,25.84,8.15,2,"5.466925,100.206189"
2,29.3,4.18,43.8,25.77,8.15,2,"5.466925,100.206189"
2,29.3,4.32,43.09,25.5,8.15,2,"5.466925,100.206189"
2,29.3,4.27,43.56,25.61,8.15,2,"5.466925,100.206189"
3,29.5,4.62,44.28,25.92,8.06,2,"5.482422,100.197283"
3,29.7,4.64,44.39,25.91,8.09,2,"5.482422,100.197283"
3,29.8,4.57,44.44,25.9,8.11,2,"5.482422,100.197283"
3,29.6,4.88,44.21,25.97,8.14,2,"5.482422,100.197283"
3,29.4,4.31,44.21,25.96,8.14,2,"5.482422,100.197283"
3,29.4,4.26,44.23,25.95,8.15,2,"5.482422,100.197283"
3,29.4,4.32,44.19,25.98,8.13,2,"5.482422,100.197283"
3,29.3,4.1,44.19,25.98,8.13,2,"5.482422,100.197283"
3,29.3,4.09,44.19,25.98,8.13,2,"5.482422,100.197283"
3,29.4,3.89,44.19,25.98,8.13,2,"5.482422,100.197283"
3,29.4,4.09,44.19,25.98,8.13,2,"5.482422,100.197283"
3,29.4,4.12,44.19,25.98,8.14,2,"5.482422,100.197283"
4,28.9,5.78,41.5,24.48,8.19,1,"5.491008,100.195036"
4,28.9,5.75,41.5,24.49,8.22,1,"5.491008,100.195036"
4,28.9,5.86,41.56,24.5,8.24,1,"5.491008,100.195036"
4,28.9,5.84,42.23,24.9,8.25,1,"5.491008,100.195036"
4,29,5.57,42.23,24.9,8.26,1,"5.491008,100.195036"
4,29,5.54,42.33,24.93,8.26,1,"5.491008,100.195036"
4,29.1,5.56,43.31,25.56,8.25,1,"5.491008,100.195036"
4,29.1,5.41,43.29,25.54,8.25,1,"5.491008,100.195036"
4,29.1,5.42,43.31,25.56,8.25,1,"5.491008,100.195036"
4,29.1,5.27,43.8,25.84,8.23,1,"5.491008,100.195036"
4,29.1,5.26,43.79,25.82,8.23,1,"5.491008,100.195036"
4,29.1,5.27,43.76,25.83,8.24,1,"5.491008,100.195036"
4,29.2,5.12,43.98,25.92,8.22,1,"5.491008,100.195036"
4,29.2,5.08,43.97,25.92,8.22,1,"5.491008,100.195036"
4,29.2,5.03,43.98,25.93,8.22,1,"5.491008,100.195036"
4,29.2,4.97,44.08,25.97,8.22,2,"5.491008,100.195036"
4,29.2,4.98,44.09,25.97,8.22,2,"5.491008,100.195036"
4,29.2,4.9,44.08,25.97,8.22,2,"5.491008,100.195036"
4,29.3,4.9,44.15,25.99,8.22,2,"5.491008,100.195036"
4,29.3,4.91,44.13,25.99,8.22,2,"5.491008,100.195036"
4,29.3,4.92,44.13,25.98,8.22,2,"5.491008,100.195036"
4,29.3,4.89,44.26,26.03,8.22,2,"5.491008,100.195036"
4,29.3,4.78,44.22,26.03,8.22,2,"5.491008,100.195036"
4,29.3,4.8,44.22,26.03,8.22,2,"5.491008,100.195036"
4,29.3,4.77,44.28,26.05,8.21,2,"5.491008,100.195036"
4,29.3,4.77,44.25,26.04,8.21,2,"5.491008,100.195036"
4,29.3,4.8,44.26,26.05,8.22,2,"5.491008,100.195036"
4,29.4,4.7,44.33,26.07,8.21,2,"5.491008,100.195036"
4,29.4,4.57,44.34,26.07,8.2,2,"5.491008,100.195036"
4,29.4,4.5,44.33,26.07,8.2,2,"5.491008,100.195036"
5,28.8,5.8,41.69,24.61,8.24,1,"5.506722,100.194008"
5,28.8,5.76,41.68,24.61,8.25,1,"5.506722,100.194008"
5,28.8,5.74,41.67,24.6,8.26,1,"5.506722,100.194008"
5,29,5.74,42.83,25.27,8.25,1,"5.506722,100.194008"
5,29.1,5.41,42.9,25.27,8.26,1,"5.506722,100.194008"
5,29.1,5.55,42,25.28,8.26,1,"5.506722,100.194008"
5,29.2,5.48,43.54,25.6,8.27,1,"5.506722,100.194008"
5,29.3,5.51,43.54,25.6,8.28,1,"5.506722,100.194008"
5,29.3,5.57,43.54,25.59,8.28,1,"5.506722,100.194008"
5,29.3,5.59,43.58,25.71,8.28,1,"5.506722,100.194008"
5,29.4,5.53,43.78,25.72,8.29,1,"5.506722,100.194008"
5,29.4,5.52,43.76,25.68,8.29,1,"5.506722,100.194008"
5,29.4,5.38,44.13,25.9,8.28,1,"5.506722,100.194008"
5,29.4,5.16,44.13,25.9,8.28,1,"5.506722,100.194008"
5,29.4,5.22,44.13,25.9,8.28,1,"5.506722,100.194008"
5,29.4,5.22,44.22,25.95,8.27,1,"5.506722,100.194008"
5,29.4,5.19,44.23,25.95,8.27,1,"5.506722,100.194008"
5,29.4,5.19,44.23,25.96,8.27,1,"5.506722,100.194008"
5,29.4,5.11,44.25,25.98,8.25,1,"5.506722,100.194008"
5,29.4,4.96,44.25,25.98,8.25,2,"5.506722,100.194008"
5,29.4,5,44.25,25.98,8.25,1,"5.506722,100.194008"
5,29.4,4.92,44.27,26,8.24,2,"5.506722,100.194008"
5,29.4,4.93,44.27,26,8.24,2,"5.506722,100.194008"
5,29.4,4.94,44.27,26,8.24,2,"5.506722,100.194008"
5,29.4,4.81,44.38,26.06,8.22,2,"5.506722,100.194008"
5,29.4,4.74,44.36,26.06,8.22,2,"5.506722,100.194008"
5,29.4,4.73,44.34,26.05,8.22,2,"5.506722,100.194008"
5,29.4,4.61,44.46,26.09,8.2,2,"5.506722,100.194008"
5,29.5,4.45,44.48,26.1,8.2,2,"5.506722,100.194008"
5,29.5,4.45,44.46,26.09,8.2,2,"5.506722,100.194008"
6,29.4,6.32,43.51,25.54,8.32,1,"5.511678,100.188361"
6,29.4,5.38,43.52,25.54,8.31,1,"5.511678,100.188361"
6,29.3,5.51,43.5,25.53,8.32,1,"5.511678,100.188361"
6,29.4,5.49,43.68,25.61,8.32,1,"5.511678,100.188361"
6,29.4,5.35,43.66,25.6,8.32,1,"5.511678,100.188361"
6,29.4,5.34,43.64,25.9,8.32,1,"5.511678,100.188361"
6,29.6,5.31,44.44,25.97,8.32,1,"5.511678,100.188361"
6,29.7,5.25,44.46,25.98,8.32,1,"5.511678,100.188361"
6,29.7,5.19,44.46,25.98,8.32,1,"5.511678,100.188361"
6,29.7,5.36,44.49,26.01,8.32,1,"5.511678,100.188361"
6,29.7,5.33,44.49,26.01,8.32,1,"5.511678,100.188361"
6,29.7,5.25,44.49,26.01,8.32,1,"5.511678,100.188361"
6,29.7,5.3,44.54,26.04,8.31,1,"5.511678,100.188361"
6,29.7,5.22,44.54,26.04,8.31,1,"5.511678,100.188361"
6,29.7,5.1,44.55,26.04,8.31,1,"5.511678,100.188361"
6,29.7,5.13,44.69,26.09,8.29,1,"5.511678,100.188361"
6,29.7,5.01,44.68,26.08,8.29,1,"5.511678,100.188361"
6,29.7,4.92,44.68,26.09,8.29,2,"5.511678,100.188361"
6,29.8,4.93,44.76,26.12,8.28,2,"5.511678,100.188361"
6,29.8,4.9,44.78,26.14,8.28,2,"5.511678,100.188361"
6,29.8,4.77,45.02,26.21,8.27,2,"5.511678,100.188361"
6,30,4.57,45.13,26.25,8.26,2,"5.511678,100.188361"
6,30,4.55,45.12,26.24,8.26,2,"5.511678,100.188361"
6,30,4.54,45.13,26.25,8.26,2,"5.511678,100.188361"
6,30,4.3,45.3,26.33,8.25,2,"5.511678,100.188361"
6,30.1,4.36,45.32,26.33,8.25,2,"5.511678,100.188361"
6,30.1,4.33,45.29,26.33,8.25,2,"5.511678,100.188361"
6,30.1,4.52,45.44,26.38,8.27,2,"5.511678,100.188361"
6,30.1,4.58,45.44,26.39,8.27,2,"5.511678,100.188361"
6,30.1,4.52,45.44,26.38,8.27,2,"5.511678,100.188361"
1,31,5.31,42.64,24.45,8.16,1,"5.461894,100.209128"
1,30.9,5.26,42.12,23.82,8.14,1,"5.461894,100.209128"
1,30.9,5.19,42.36,24.02,8.15,1,"5.461894,100.209128"
1,31,5.49,45.96,26.22,8.24,1,"5.461894,100.209128"
1,31,5.4,4,26.23,8.25,1,"5.461894,100.209128"
1,31,5.33,46,26.23,8.26,1,"5.461894,100.209128"
2,30.8,4.72,45.69,26.16,8.16,2,"5.466925,100.206189"
2,30.8,4.94,45.7,26.15,8.17,2,"5.466925,100.206189"
2,30.9,4.96,45.71,26.19,8.17,2,"5.466925,100.206189"
2,30.7,5.03,45.65,26.2,8.18,1,"5.466925,100.206189"
2,30.7,4.9,45.62,26.21,8.17,2,"5.466925,100.206189"
2,30.7,4.8,45.62,26.21,8.16,2,"5.466925,100.206189"
2,30.5,4.53,45.48,26.28,8.06,2,"5.466925,100.206189"
2,30.4,3.8,45.47,26.27,8.05,2,"5.466925,100.206189"
2,30.4,3.54,45.47,26.27,8.05,2,"5.466925,100.206189"
2,30.4,3.4,45.47,26.27,8.01,2,"5.466925,100.206189"
2,30.4,3.04,45.39,26.21,7.99,2,"5.466925,100.206189"
2,30.4,3.73,45.47,26.26,7.99,2,"5.466925,100.206189"
3,30.8,4.79,45.87,26.21,8.11,2,"5.482422,100.197283"
3,30.8,4.7,45.85,26.31,8.13,2,"5.482422,100.197283"
3,30.8,4.73,45.87,26.31,8.14,2,"5.482422,100.197283"
3,30.7,4.79,45.72,26.3,8.15,2,"5.482422,100.197283"
3,30.5,4.81,45.64,26.31,8.16,2,"5.482422,100.197283"
3,30.5,4.79,45.64,26.31,8.16,2,"5.482422,100.197283"
3,30.5,4.82,45.58,26.32,8.17,2,"5.482422,100.197283"
3,30.4,4.75,45.57,26.32,8.17,2,"5.482422,100.197283"
3,30.4,4.73,45.75,26.32,8.17,2,"5.482422,100.197283"
3,30.4,4.76,45.74,25.62,8.15,2,"5.482422,100.197283"
3,30.4,4.75,45.75,25.59,8.15,2,"5.482422,100.197283"
3,30.4,4.62,45.73,25.74,8.17,2,"5.482422,100.197283"
4,30.7,5.19,45.64,26.2,8.29,1,"5.491008,100.195036"
4,30.7,5.2,45.65,26.2,8.2,1,"5.491008,100.195036"
4,30.7,5.18,45.65,26.2,8.31,1,"5.491008,100.195036"
4,30.7,5.14,45.65,26.2,8.2,1,"5.491008,100.195036"
4,30.7,5.13,45.65,26.2,8.33,1,"5.491008,100.195036"
4,30.7,5.13,45.65,26.2,8.33,1,"5.491008,100.195036"
4,30.7,5.15,45.65,26.2,8.33,1,"5.491008,100.195036"
4,30.7,5.25,45.63,26.2,8.33,1,"5.491008,100.195036"
4,30.7,5.23,45.63,26.2,8.34,1,"5.491008,100.195036"
4,30.7,5.29,45.62,26.2,8.34,1,"5.491008,100.195036"
4,30.7,5.31,45.62,26.2,8.34,1,"5.491008,100.195036"
4,30.7,5.27,45.62,26.2,8.34,1,"5.491008,100.195036"
4,30.7,5.21,45.59,26.21,8.33,1,"5.491008,100.195036"
4,30.6,5.23,45.58,26.21,8.34,1,"5.491008,100.195036"
4,30.6,5.24,45.58,26.21,8.34,1,"5.491008,100.195036"
4,30.6,5.21,45.56,26.24,8.32,1,"5.491008,100.195036"
4,30.5,5.19,45.58,26.25,8.33,1,"5.491008,100.195036"
4,30.6,5.23,45.58,26.24,8.33,1,"5.491008,100.195036"
4,30.5,5.25,45.59,26.26,8.32,1,"5.491008,100.195036"
4,30.5,5.23,45.58,26.26,8.32,1,"5.491008,100.195036"
4,30.5,5.21,45.58,26.26,8.32,1,"5.491008,100.195036"
4,30.5,4.86,45.61,26.32,8.25,2,"5.491008,100.195036"
4,30.4,4.76,45.6,26.31,8.25,2,"5.491008,100.195036"
4,30.4,4.26,45.6,26.31,8.25,2,"5.491008,100.195036"
5,30.7,4.63,45.61,26.19,8.3,2,"5.506722,100.194008"
5,30.7,4.59,45.61,26.19,8.31,2,"5.506722,100.194008"
5,30.7,4.53,45.61,26.19,8.31,2,"5.506722,100.194008"
5,30.7,4.52,45.61,26.19,8.32,2,"5.506722,100.194008"
5,30.7,4.5,45.61,26.19,8.32,2,"5.506722,100.194008"
5,30.7,4.47,45.61,26.19,8.33,2,"5.506722,100.194008"
5,30.7,4.27,45.62,26.19,8.33,2,"5.506722,100.194008"
5,30.7,4.21,45.62,26.19,8.34,2,"5.506722,100.194008"
5,30.7,4.18,45.62,26.19,8.34,2,"5.506722,100.194008"
5,30.7,4.17,45.62,26.19,8.34,2,"5.506722,100.194008"
5,30.7,4.19,45.62,26.19,8.34,2,"5.506722,100.194008"
5,30.7,4.14,45.62,26.19,8.34,2,"5.506722,100.194008"
5,30.7,4.15,45.61,26.19,8.34,2,"5.506722,100.194008"
5,30.7,4.19,45.61,26.19,8.34,2,"5.506722,100.194008"
5,30.7,4.22,45.61,26.19,8.34,2,"5.506722,100.194008"
5,30.7,4.25,45.6,26.2,8.34,2,"5.506722,100.194008"
5,30.7,4.25,45.6,26.2,8.34,2,"5.506722,100.194008"
5,30.7,4.25,45.6,26.2,8.35,2,"5.506722,100.194008"
5,30.7,4.26,45.59,26.2,8.34,2,"5.506722,100.194008"
5,30.6,4.29,45.59,26.2,8.35,2,"5.506722,100.194008"
5,30.6,4.29,45.59,26,8.35,2,"5.506722,100.194008"
5,30.4,4,45.45,26,8.32,2,"5.506722,100.194008"
5,30.4,4.25,45.45,26.27,8.33,2,"5.506722,100.194008"
5,30.4,4.29,45.55,26.28,8.33,2,"5.506722,100.194008"
5,30.2,4.25,45.53,26.39,8.28,2,"5.506722,100.194008"
5,30.2,4.18,45.51,26.39,8.27,2,"5.506722,100.194008"
5,30.2,4.17,45.52,26.39,8.28,2,"5.506722,100.194008"
5,30.2,4.15,45.51,26.39,8.25,2,"5.506722,100.194008"
5,30.2,4.1,45.51,26.39,8.25,2,"5.506722,100.194008"
5,30.2,4.08,45.51,26.39,8.25,2,"5.506722,100.194008"
5,30.2,4.1,45.52,26.4,8.23,2,"5.506722,100.194008"
5,30.2,4.04,45.52,26.4,8.23,2,"5.506722,100.194008"
5,30.2,4.04,45.52,26.4,8.23,2,"5.506722,100.194008"
6,30.4,5.69,45.31,36.14,8.35,1,"5.511678,100.188361"
6,30.4,5.8,45.32,36.14,8.35,1,"5.511678,100.188361"
6,30.4,5.8,45.33,36.14,8.35,1,"5.511678,100.188361"
6,30.4,5.84,45.33,36.14,8.35,1,"5.511678,100.188361"
6,30.4,5.84,45.33,36.14,8.35,1,"5.511678,100.188361"
6,30.4,5.83,45.34,36.15,8.35,1,"5.511678,100.188361"
6,30.4,5.41,45.34,36.15,8.35,1,"5.511678,100.188361"
6,30.4,4.85,45.34,36.15,8.35,2,"5.511678,100.188361"
6,30.4,4.43,45.34,36.15,8.35,2,"5.511678,100.188361"
6,30.4,4.32,45.33,36.15,8.35,2,"5.511678,100.188361"
6,30.4,4.17,45.33,36.15,8.35,2,"5.511678,100.188361"
6,30.4,4.74,45.33,36.15,8.35,2,"5.511678,100.188361"
6,30.4,3.84,45.34,36.15,8.35,2,"5.511678,100.188361"
6,30.4,3.71,45.34,36.15,8.35,2,"5.511678,100.188361"
6,30.4,3.55,45.33,36.15,8.35,2,"5.511678,100.188361"
6,30.4,3.33,45.31,36.16,8.35,2,"5.511678,100.188361"
6,30.4,3.42,45.31,26.17,8.35,2,"5.511678,100.188361"
6,30.4,3.15,45.32,26.17,8.35,2,"5.511678,100.188361"
6,30.4,3.15,45.28,26.21,8.34,2,"5.511678,100.188361"
6,30.4,3.04,45.38,26.21,8.34,2,"5.511678,100.188361"
6,30.4,3,45.39,26.21,8.34,2,"5.511678,100.188361"
6,30.4,2.89,45.44,26.24,8.34,3,"5.511678,100.188361"
6,30.4,2.84,45.44,26.24,8.34,3,"5.511678,100.188361"
6,30.4,2.82,45.43,26.24,8.34,3,"5.511678,100.188361"
6,30.4,2.82,45.45,26.26,8.33,3,"5.511678,100.188361"
6,30.4,2.84,45.45,26.26,8.33,3,"5.511678,100.188361"
6,30.4,2.83,45.46,26.27,8.33,3,"5.511678,100.188361"
6,30.3,2.89,45.42,26.28,8.33,3,"5.511678,100.188361"
6,30.3,2.86,45.46,26.28,8.33,3,"5.511678,100.188361"
6,30.3,2.86,45.43,26.28,8.33,3,"5.511678,100.188361"
6,30,2.78,45.38,26.33,8.32,3,"5.511678,100.188361"
6,30,2.78,45.3,26.34,8.32,3,"5.511678,100.188361"
6,30,2.78,45.32,26.37,8.32,3,"5.511678,100.188361"
6,30,2.75,45.73,26.66,8.23,3,"5.511678,100.188361"
6,29.9,2.65,45.74,26.67,8.22,3,"5.511678,100.188361"
6,29.9,2.64,45.75,26.67,8.22,3,"5.511678,100.188361"
6,29.9,2.64,45.75,26.71,8.21,3,"5.511678,100.188361"
6,29.9,2.64,45.79,26.71,8.21,3,"5.511678,100.188361"
6,29.9,2.66,45.79,26.71,8.21,3,"5.511678,100.188361"
6,29.9,2.65,45.79,26.73,8.21,3,"5.511678,100.188361"
6,29.9,2.66,45.81,26.73,8.21,3,"5.511678,100.188361"
6,29.9,2.69,45.81,26.73,8.21,3,"5.511678,100.188361"
6,29.9,2.68,45.82,26.73,8.2,3,"5.511678,100.188361"
6,29.9,2.66,45.82,26.73,8.21,3,"5.511678,100.188361"
6,29.9,2.66,45.82,26.73,8.21,3,"5.511678,100.188361"
6,29.9,2.67,45.83,26.74,8.21,3,"5.511678,100.188361"
6,29.9,2.66,45.83,26.74,8.21,3,"5.511678,100.188361"
6,29.9,2.77,45.83,26.74,8.21,3,"5.511678,100.188361"
1,29.4,4.84,30.98,21.21,7.69,2,"5.461894,100.209128"
1,29,4.92,29.91,18.82,7.64,2,"5.461894,100.209128"
1,29.2,4.89,30.29,19,7.76,2,"5.461894,100.209128"
1,29.4,5.22,40.86,23.76,8.1,1,"5.461894,100.209128"
1,29.5,5.3,40.9,23.77,8.13,1,"5.461894,100.209128"
1,29.5,5.31,40.9,23.77,8.14,1,"5.461894,100.209128"
1,29.7,5.3,41.41,23.97,8.14,1,"5.461894,100.209128"
1,29.8,5.32,41.45,23.98,8.15,1,"5.461894,100.209128"
1,29.8,5.35,41.47,23.97,8.15,1,"5.461894,100.209128"
2,29.8,5,41.41,23.9,7.89,1,"5.466925,100.206189"
2,29.8,5.17,41.43,23.97,8.05,1,"5.466925,100.206189"
2,29.8,5.3,41.43,23.97,8.08,1,"5.466925,100.206189"
2,29.8,5.41,41.44,23.97,8.12,1,"5.466925,100.206189"
2,29.8,5.43,41.46,23.99,8.13,1,"5.466925,100.206189"
2,29.8,5.45,41.46,23.99,8.14,1,"5.466925,100.206189"
2,29.7,5.49,41.58,24.1,8.15,1,"5.466925,100.206189"
2,29.8,5.44,41.69,24.16,8.14,1,"5.466925,100.206189"
2,29.8,5.43,41.71,24.52,8.13,1,"5.466925,100.206189"
2,29.8,5.45,42.27,24.61,8.11,1,"5.466925,100.206189"
2,30,5.33,42.62,24.59,8.1,1,"5.466925,100.206189"
2,30,5.29,42.58,25.29,8.1,1,"5.466925,100.206189"
2,30.4,5.01,44.03,25.29,7.99,1,"5.466925,100.206189"
2,30.4,4.77,44,25.26,7.99,2,"5.466925,100.206189"
2,30.5,4.72,43.97,25.22,8,2,"5.466925,100.206189"
2,30.4,4.7,43.9,25.17,7.7,2,"5.466925,100.206189"
2,30.4,4.62,43.81,25.17,7.74,2,"5.466925,100.206189"
2,30.5,4.4,4.56,24.9,7.49,2,"5.466925,100.206189"
3,29.7,5.3,40.91,23.63,8.08,1,"5.482422,100.197283"
3,29.7,5.47,41.18,23.85,8.11,1,"5.482422,100.197283"
3,29.7,5.54,41.22,23.87,8.12,1,"5.482422,100.197283"
3,29.8,5.63,41.56,24.03,8.13,1,"5.482422,100.197283"
3,29.8,5.6,41.7,24.2,8.13,1,"5.482422,100.197283"
3,29.8,5.59,41.64,24.08,8.14,1,"5.482422,100.197283"
3,29.8,5.54,42.85,24.79,8.09,1,"5.482422,100.197283"
3,30.1,5.79,42.98,24.82,8.08,1,"5.482422,100.197283"
3,30.1,5.32,43.02,24.84,8.08,1,"5.482422,100.197283"
3,30.4,4.62,44.92,25.9,7.94,2,"5.482422,100.197283"
3,30.4,4.06,44.96,25.91,7.92,2,"5.482422,100.197283"
3,30.4,3.78,44.96,25.92,7.91,2,"5.482422,100.197283"
4,30.1,4.55,45.2,26.23,8.03,2,"5.491008,100.195036"
4,30.1,4.61,45.21,26.23,8.07,2,"5.491008,100.195036"
4,30.1,4.68,45.22,26.23,8.08,2,"5.491008,100.195036"
4,30,4.36,45.21,26.3,8.08,2,"5.491008,100.195036"
4,30,4.73,45.21,26.31,8.09,2,"5.491008,100.195036"
4,30,4.71,45.27,26.35,8.08,2,"5.491008,100.195036"
4,30,4.7,45.42,26.45,8.05,2,"5.491008,100.195036"
4,30,4.47,45.43,26.44,8.04,2,"5.491008,100.195036"
4,30,4.45,45.43,26.44,8.04,2,"5.491008,100.195036"
4,30,4.45,45.44,26.45,8.04,2,"5.491008,100.195036"
4,30,4.36,45.44,26.45,8.03,2,"5.491008,100.195036"
4,30,4.35,45.44,26.45,8.04,2,"5.491008,100.195036"
4,30,4.38,45.44,26.46,8.03,2,"5.491008,100.195036"
4,30,4.37,45.44,26.45,8.04,2,"5.491008,100.195036"
4,30,4.4,45.44,26.45,8.04,2,"5.491008,100.195036"
4,30,4.4,45.44,26.46,8.04,2,"5.491008,100.195036"
4,30,4.42,45.43,26.47,8.04,2,"5.491008,100.195036"
4,30,4.4,45.43,26.45,8.04,2,"5.491008,100.195036"
4,30,4.45,45.44,26.46,8.04,2,"5.491008,100.195036"
4,30,4.45,45.44,26.46,8.04,2,"5.491008,100.195036"
4,30,4.44,45.44,26.46,8.03,2,"5.491008,100.195036"
4,30,4.41,45.12,26.21,7.76,2,"5.491008,100.195036"
4,30,4.32,45.31,26.4,7.77,2,"5.491008,100.195036"
4,30,4.31,45.3,26.39,7.79,2,"5.491008,100.195036"
5,29.8,3.48,43.82,25.5,7.96,2,"5.506722,100.194008"
5,29.8,3.5,43.83,25.5,8.03,2,"5.506722,100.194008"
5,29.8,3.53,43.83,25.5,8.05,2,"5.506722,100.194008"
5,29.8,3.58,43.87,25.55,8.07,2,"5.506722,100.194008"
5,29.8,3.59,43.86,25.53,8.08,2,"5.506722,100.194008"
5,29.8,3.59,43.84,25.53,8.08,2,"5.506722,100.194008"
5,29.8,3.6,44.16,25.75,8.09,2,"5.506722,100.194008"
5,29.8,3.69,44.23,25.79,8.09,2,"5.506722,100.194008"
5,29.8,3.74,44.18,25.74,8.09,2,"5.506722,100.194008"
5,29.8,3.75,44.26,26.33,8.07,2,"5.506722,100.194008"
5,30,3.69,45.11,26.39,8.06,2,"5.506722,100.194008"
5,30,3.67,45.33,26.39,8.06,2,"5.506722,100.194008"
5,30,3.66,45.36,26.6,8.05,2,"5.506722,100.194008"
5,30,3.64,45.35,26.4,8.06,2,"5.506722,100.194008"
5,30,3.67,45.36,26.4,8.06,2,"5.506722,100.194008"
5,30,3.67,45.37,26.41,8.05,2,"5.506722,100.194008"
5,30,3.64,45.38,26.41,8.05,2,"5.506722,100.194008"
5,30,3.64,45.37,26.41,8.05,2,"5.506722,100.194008"
5,30,3.66,45.39,26.42,8.05,2,"5.506722,100.194008"
5,30,3.65,45.4,26.43,8.05,2,"5.506722,100.194008"
5,30,3.62,45.4,26.42,8.04,2,"5.506722,100.194008"
5,30,3.62,45.47,26.47,8.04,2,"5.506722,100.194008"
5,30,3.66,45.53,26.5,8.03,2,"5.506722,100.194008"
5,30,3.66,45.49,26.47,8.03,2,"5.506722,100.194008"
5,30,3.61,45.49,26.48,8.03,2,"5.506722,100.194008"
5,30,3.65,45.51,26.51,8.03,2,"5.506722,100.194008"
5,30,3.61,45.52,26.47,8.03,2,"5.506722,100.194008"
5,30,3.61,45.58,26.53,8.02,2,"5.506722,100.194008"
5,30,3.63,45.64,26.5,8.02,2,"5.506722,100.194008"
5,30,3.61,45.59,26.52,8.03,2,"5.506722,100.194008"
5,30,3.37,45.41,26.43,8.09,2,"5.506722,100.194008"
5,30,3.8,45.41,26.43,8.05,2,"5.506722,100.194008"
5,30,3.81,45.41,26.43,8.05,2,"5.506722,100.194008"
6,29.6,4.59,43.28,25.27,8.09,2,"5.511678,100.188361"
6,29.8,4.68,43.47,25.26,8.11,2,"5.511678,100.188361"
6,29.8,4.7,43.46,25.26,8.12,2,"5.511678,100.188361"
6,29.8,4.73,43.46,25.26,8.13,2,"5.511678,100.188361"
6,29.8,4.72,43.48,25.28,8.13,2,"5.511678,100.188361"
6,29.8,4.7,43.51,25.29,8.13,2,"5.511678,100.188361"
6,29.8,4.56,43.51,25.29,8.13,2,"5.511678,100.188361"
6,29.8,4.46,43.38,25.33,8.13,2,"5.511678,100.188361"
6,29.8,4.28,43.55,25.32,8.17,2,"5.511678,100.188361"
6,29.8,3.82,43.72,25.44,8.13,2,"5.511678,100.188361"
6,29.8,3.66,43.8,25.46,8.13,2,"5.511678,100.188361"
6,29.8,3.58,43.72,25.42,8.13,2,"5.511678,100.188361"
6,29.8,3.1,43.81,25.51,8.13,2,"5.511678,100.188361"
6,29.8,3.05,43.85,25.48,8.13,2,"5.511678,100.188361"
6,29.8,3.04,43.9,25.51,8.13,2,"5.511678,100.188361"
6,29.8,2.97,44.4,25.85,8.12,3,"5.511678,100.188361"
6,29.8,2.96,44.38,25.84,8.11,3,"5.511678,100.188361"
6,29.8,2.98,44.38,25.85,8.12,3,"5.511678,100.188361"
6,29.9,2.9,45.35,26.41,8.08,3,"5.511678,100.188361"
6,29.9,2.89,45.55,26.34,8.09,3,"5.511678,100.188361"
6,29.9,2.96,44.36,26.1,8.1,3,"5.511678,100.188361"
6,29.9,2.9,45.6,26.28,8.06,3,"5.511678,100.188361"
6,30,2.83,45.66,26.06,8.06,3,"5.511678,100.188361"
6,30,2.89,45.61,26.55,8.06,3,"5.511678,100.188361"
6,30,2.89,45.64,26.57,8.06,3,"5.511678,100.188361"
6,30,2.93,45.56,26.55,8.06,3,"5.511678,100.188361"
6,30,2.95,45.65,26.6,8.06,3,"5.511678,100.188361"
6,30,2.92,45.88,26.33,8.05,3,"5.511678,100.188361"
6,30,2.88,45.87,26.75,8.04,3,"5.511678,100.188361"
6,30,2.86,45.94,26.77,8.04,3,"5.511678,100.188361"
6,30,2.86,46.04,26.83,8.03,3,"5.511678,100.188361"
6,30,2.74,46.05,26.84,8.03,3,"5.511678,100.188361"
6,30,2.88,46.05,26.44,8.03,3,"5.511678,100.188361"
6,30,2.87,46.08,26.85,8.03,3,"5.511678,100.188361"
6,30,2.88,46.08,26.85,8.03,3,"5.511678,100.188361"
6,30,2.86,46.08,26.85,8.03,3,"5.511678,100.188361"
6,30,2.91,46.09,26.85,8.03,3,"5.511678,100.188361"
6,30,2.87,46.09,26.85,8.03,3,"5.511678,100.188361"
6,30,2.9,46.08,26.85,8.03,3,"5.511678,100.188361"